Trade ID,Price,Quantity,First Trade ID,Last Trade ID,Time
467656953,213.45000000,4.87600000,921607444,921607448,1736092237054
467656954,213.45000000,16.00000000,921607449,921607450,1736092237054
467656955,213.45000000,0.12000000,921607451,921607454,1736092237056
467656956,213.46000000,0.43300000,921607455,921607470,1736092237070
467656957,213.47000000,0.46800000,921607471,921607473,1736092237121
467656958,213.47000000,2.05800000,921607474,921607480,1736092237160
467656959,213.48000000,0.24200000,921607481,921607487,1736092237160
467656960,213.49000000,13.70000000,921607488,921607490,1736092237160
467656961,213.48000000,0.02800000,921607491,921607491,1736092237611
467656962,213.48000000,0.04000000,921607492,921607492,1736092237703
467656963,213.48000000,6.01700000,921607493,921607493,1736092237871
467656964,213.48000000,6.01700000,921607494,921607496,1736092237882
467656965,213.49000000,0.50500000,921607497,921607513,1736092238024
467656966,213.50000000,1.09200000,921607514,921607516,1736092238024
467656967,213.50000000,2.82100000,921607517,921607528,1736092238096
467656968,213.51000000,4.48700000,921607529,921607529,1736092238101
467656969,213.50000000,6.01700000,921607530,921607530,1736092238254
467656970,213.50000000,6.01700000,921607531,921607531,1736092238270
467656971,213.50000000,6.01700000,921607532,921607532,1736092238287
467656972,213.50000000,0.18900000,921607533,921607533,1736092239127
467656973,213.51000000,0.32200000,921607534,921607534,1736092239270
467656974,213.50000000,6.01900000,921607535,921607535,1736092239413
467656975,213.50000000,8.00000000,921607536,921607536,1736092239435
467656976,213.51000000,6.64700000,921607537,921607537,1736092239922
467656977,213.50000000,6.01900000,921607538,921607539,1736092240141
467656978,213.51000000,13.71000000,921607540,921607546,1736092240300
467656979,213.51000000,7.83000000,921607547,921607549,1736092240301
467656980,213.51000000,0.02600000,921607550,921607550,1736092240301
467656981,213.52000000,0.19300000,921607551,921607556,1736092240302
467656982,213.53000000,0.58300000,921607557,921607573,1736092240409
467656983,213.54000000,1.69700000,921607574,921607597,1736092240606
467656984,213.54000000,6.02000000,921607598,921607598,1736092241096
467656985,213.54000000,6.02000000,921607599,921607599,1736092241150
467656986,213.55000000,4.68400000,921607600,921607602,1736092241164
467656987,213.55000000,1.31100000,921607603,921607603,1736092241164
467656988,213.55000000,1.40200000,921607604,921607604,1736092241345
467656989,213.55000000,13.01300000,921607605,921607622,1736092241366
467656990,213.55000000,0.41000000,921607623,921607623,1736092241394
467656991,213.55000000,0.41000000,921607624,921607624,1736092241395
467656992,213.55000000,0.41000000,921607625,921607625,1736092241398
467656993,213.55000000,0.41000000,921607626,921607626,1736092241398
467656994,213.55000000,0.41000000,921607627,921607627,1736092241399
467656995,213.55000000,0.41000000,921607628,921607628,1736092241400
467656996,213.55000000,0.41000000,921607629,921607629,1736092241400
467656997,213.55000000,0.41000000,921607630,921607630,1736092241400
467656998,213.55000000,0.41000000,921607631,921607631,1736092241401
467656999,213.55000000,0.41000000,921607632,921607632,1736092241401
467657000,213.55000000,0.41000000,921607633,921607633,1736092241401
467657001,213.55000000,0.41000000,921607634,921607634,1736092241402
467657002,213.55000000,0.41000000,921607635,921607635,1736092241402
467657003,213.55000000,0.41000000,921607636,921607636,1736092241403
467657004,213.55000000,0.41000000,921607637,921607637,1736092241403
467657005,213.55000000,0.41000000,921607638,921607638,1736092241404
467657006,213.55000000,0.41000000,921607639,921607639,1736092241404
467657007,213.55000000,0.41000000,921607640,921607640,1736092241404
467657008,213.55000000,0.41000000,921607641,921607641,1736092241404
467657009,213.55000000,0.41000000,921607642,921607642,1736092241405
467657010,213.55000000,0.41000000,921607643,921607643,1736092241405
467657011,213.55000000,0.41000000,921607644,921607644,1736092241405
467657012,213.55000000,0.41000000,921607645,921607645,1736092241405
467657013,213.55000000,0.41000000,921607646,921607646,1736092241405
467657014,213.55000000,0.41000000,921607647,921607647,1736092241405
467657015,213.55000000,0.41000000,921607648,921607648,1736092241406
467657016,213.55000000,0.41000000,921607649,921607649,1736092241406
467657017,213.55000000,0.41000000,921607650,921607650,1736092241406
467657018,213.55000000,0.41000000,921607651,921607651,1736092241407
467657019,213.55000000,0.41000000,921607652,921607652,1736092241407
467657020,213.55000000,0.41000000,921607653,921607653,1736092241407
467657021,213.55000000,0.41000000,921607654,921607654,1736092241407
467657022,213.55000000,0.41000000,921607655,921607655,1736092241407
467657023,213.55000000,0.41000000,921607656,921607656,1736092241408
467657024,213.55000000,0.41000000,921607657,921607657,1736092241408
467657025,213.55000000,0.41000000,921607658,921607658,1736092241408
467657026,213.55000000,0.41000000,921607659,921607659,1736092241409
467657027,213.55000000,0.41000000,921607660,921607660,1736092241409
467657028,213.55000000,0.41000000,921607661,921607661,1736092241409
467657029,213.55000000,0.41000000,921607662,921607662,1736092241409
467657030,213.55000000,0.41000000,921607663,921607663,1736092241409
467657031,213.55000000,0.41000000,921607664,921607664,1736092241410
467657032,213.55000000,6.02000000,921607665,921607665,1736092241418
467657033,213.55000000,6.02000000,921607666,921607667,1736092241503
467657034,213.55000000,6.02100000,921607668,921607668,1736092241683
467657035,213.55000000,6.02100000,921607669,921607670,1736092241804
467657036,213.55000000,0.94400000,921607671,921607676,1736092241896
467657037,213.54000000,0.02600000,921607677,921607677,1736092241924
467657038,213.54000000,0.43500000,921607678,921607678,1736092242176
467657039,213.54000000,1.41000000,921607679,921607679,1736092242243
467657040,213.54000000,6.02000000,921607680,921607680,1736092242578
467657041,213.55000000,0.03400000,921607681,921607681,1736092242730
467657042,213.54000000,6.02100000,921607682,921607687,1736092242819
467657043,213.55000000,0.12600000,921607688,921607688,1736092243194
467657044,213.55000000,0.04600000,921607689,921607689,1736092243326
467657045,213.55000000,0.19200000,921607690,921607690,1736092243498
467657046,213.54000000,0.25000000,921607691,921607691,1736092243742
467657047,213.55000000,0.45000000,921607692,921607692,1736092243897
467657048,213.54000000,1.41700000,921607693,921607693,1736092244158
467657049,213.55000000,6.99900000,921607694,921607694,1736092244290
467657050,213.54000000,0.32200000,921607695,921607696,1736092245266
467657051,213.55000000,0.30000000,921607697,921607697,1736092245435
467657052,213.55000000,0.96500000,921607698,921607698,1736092245736
467657053,213.55000000,0.65400000,921607699,921607699,1736092245787
467657054,213.54000000,1.41500000,921607700,921607700,1736092246031
467657055,213.54000000,1.41600000,921607701,921607701,1736092247738
467657056,213.54000000,0.33100000,921607702,921607707,1736092247745
467657057,213.54000000,0.10900000,921607708,921607708,1736092247889
467657058,213.54000000,0.23800000,921607709,921607709,1736092248033
467657059,213.53000000,13.90400000,921607710,921607718,1736092248314
467657060,213.52000000,0.36700000,921607719,921607726,1736092248314
467657061,213.51000000,81.29800000,921607727,921607739,1736092248314
467657062,213.50000000,53.52900000,921607740,921607748,1736092248314
467657063,213.49000000,76.95000000,921607749,921607763,1736092248314
467657064,213.48000000,71.46400000,921607764,921607774,1736092248314
467657065,213.47000000,106.20000000,921607775,921607789,1736092248314
467657066,213.46000000,178.86300000,921607790,921607800,1736092248314
467657067,213.45000000,170.69100000,921607801,921607813,1736092248314
467657068,213.44000000,108.50700000,921607814,921607820,1736092248314
467657069,213.45000000,22.79000000,921607821,921607821,1736092248318
467657070,213.45000000,23.46000000,921607822,921607826,1736092248321
467657071,213.45000000,0.12000000,921607827,921607830,1736092248325
467657072,213.45000000,6.02000000,921607831,921607832,1736092248510
467657073,213.45000000,1.41500000,921607833,921607833,1736092248834
467657074,213.46000000,1.40100000,921607834,921607841,1736092249179
467657075,213.46000000,0.09800000,921607842,921607842,1736092249354
467657076,213.45000000,6.02000000,921607843,921607843,1736092249610
467657077,213.46000000,0.06600000,921607844,921607844,1736092249664
467657078,213.46000000,0.09300000,921607845,921607848,1736092250013
467657079,213.45000000,0.04500000,921607849,921607849,1736092250545
467657080,213.45000000,6.01800000,921607850,921607855,1736092250892
467657081,213.46000000,1.01500000,921607856,921607857,1736092251018
467657082,213.46000000,2.40100000,921607858,921607858,1736092252167
467657083,213.46000000,0.03700000,921607859,921607859,1736092252249
467657084,213.46000000,2.54500000,921607860,921607860,1736092252936
467657085,213.46000000,0.03300000,921607861,921607861,1736092252997
467657086,213.46000000,0.19200000,921607862,921607864,1736092253154
467657087,213.46000000,0.80300000,921607865,921607865,1736092253530
467657088,213.46000000,0.15000000,921607866,921607866,1736092253572
467657089,213.46000000,4.68400000,921607867,921607867,1736092253808
467657090,213.46000000,0.75400000,921607868,921607868,1736092255835
467657091,213.45000000,0.03100000,921607869,921607869,1736092256528
467657092,213.46000000,0.58000000,921607870,921607870,1736092256585
467657093,213.45000000,3.91600000,921607871,921607877,1736092256633
467657094,213.46000000,2.51000000,921607878,921607878,1736092257628
467657095,213.45000000,0.03600000,921607879,921607879,1736092257724
467657096,213.45000000,5.56800000,921607880,921607882,1736092259616
467657097,213.46000000,1.12200000,921607883,921607883,1736092261703
467657098,213.46000000,3.74700000,921607884,921607884,1736092263970
467657099,213.46000000,106.71900000,921607885,921607896,1736092264630
467657100,213.46000000,0.03000000,921607897,921607897,1736092264630
467657101,213.47000000,0.42600000,921607898,921607906,1736092264674
467657102,213.48000000,0.19400000,921607907,921607910,1736092264734
467657103,213.48000000,6.61900000,921607911,921607925,1736092264797
467657104,213.49000000,0.57500000,921607926,921607945,1736092264797
467657105,213.49000000,0.03800000,921607946,921607946,1736092265078
467657106,213.49000000,0.04600000,921607947,921607947,1736092265821
467657107,213.50000000,0.14000000,921607948,921607949,1736092266104
467657108,213.50000000,0.48600000,921607950,921607958,1736092266292
467657109,213.50000000,14.36900000,921607959,921607961,1736092266740
467657110,213.50000000,8.62100000,921607962,921607966,1736092266743
467657111,213.51000000,0.55600000,921607967,921607985,1736092266747
467657112,213.52000000,0.32200000,921607986,921607994,1736092266796
467657113,213.53000000,1.53500000,921607995,921608016,1736092266909
467657114,213.54000000,0.62900000,921608017,921608027,1736092266909
467657115,213.54000000,0.08900000,921608028,921608028,1736092266910
467657116,213.55000000,17.05000000,921608029,921608032,1736092267235
467657117,213.55000000,3.35200000,921608033,921608048,1736092267296
467657118,213.56000000,0.19200000,921608049,921608054,1736092267296
467657119,213.57000000,4.00900000,921608055,921608063,1736092267296
467657120,213.57000000,0.41000000,921608064,921608064,1736092267299
467657121,213.57000000,0.41000000,921608065,921608065,1736092267299
467657122,213.57000000,0.41000000,921608066,921608066,1736092267302
467657123,213.57000000,0.41000000,921608067,921608067,1736092267302
467657124,213.57000000,0.41000000,921608068,921608068,1736092267306
467657125,213.57000000,0.41000000,921608069,921608069,1736092267306
467657126,213.57000000,6.68900000,921608070,921608070,1736092267504
467657127,213.57000000,0.99900000,921608071,921608071,1736092268554
467657128,213.57000000,0.15300000,921608072,921608072,1736092268904
467657129,213.57000000,9.37400000,921608073,921608073,1736092268999
467657130,213.57000000,6.63400000,921608074,921608074,1736092269203
467657131,213.58000000,0.06900000,921608075,921608076,1736092269817
467657132,213.57000000,9.42000000,921608077,921608080,1736092270322
467657133,213.58000000,11.78100000,921608081,921608082,1736092270820
467657134,213.57000000,5.61300000,921608083,921608083,1736092271017
467657135,213.57000000,28.74400000,921608084,921608084,1736092271410
467657136,213.57000000,5.43700000,921608085,921608085,1736092271410
467657137,213.57000000,44.44300000,921608086,921608086,1736092271410
467657138,213.57000000,17.41000000,921608087,921608087,1736092271410
467657139,213.57000000,21.95000000,921608088,921608088,1736092271410
467657140,213.57000000,47.00900000,921608089,921608099,1736092271411
467657141,213.56000000,0.02500000,921608100,921608100,1736092271413
467657142,213.55000000,0.90500000,921608101,921608106,1736092271496
467657143,213.54000000,5.03100000,921608107,921608117,1736092271798
467657144,213.53000000,9.40700000,921608118,921608121,1736092272096
467657145,213.53000000,0.98900000,921608122,921608128,1736092272132
467657146,213.52000000,0.12800000,921608129,921608132,1736092272283
467657147,213.52000000,0.04000000,921608133,921608135,1736092272503
467657148,213.52000000,0.15200000,921608136,921608140,1736092273096
467657149,213.51000000,9.41000000,921608141,921608143,1736092273733
467657150,213.51000000,0.70200000,921608144,921608144,1736092273817
467657151,213.52000000,0.16700000,921608145,921608145,1736092273920
467657152,213.51000000,8.00700000,921608146,921608148,1736092274475
467657153,213.51000000,4.11300000,921608149,921608149,1736092274601
467657154,213.51000000,0.18000000,921608150,921608155,1736092274988
467657155,213.50000000,3.02600000,921608156,921608158,1736092275045
467657156,213.50000000,0.13500000,921608159,921608159,1736092275372
467657157,213.51000000,0.07100000,921608160,921608160,1736092275503
467657158,213.51000000,3.88000000,921608161,921608161,1736092275539
467657159,213.51000000,1.28300000,921608162,921608162,1736092275549
467657160,213.50000000,0.02400000,921608163,921608163,1736092275642
467657161,213.50000000,0.03400000,921608164,921608164,1736092275994
467657162,213.51000000,5.00000000,921608165,921608165,1736092277219
467657163,213.51000000,30.50000000,921608166,921608173,1736092278039
467657164,213.51000000,0.03000000,921608174,921608174,1736092278039
467657165,213.52000000,3.10000000,921608175,921608183,1736092278040
467657166,213.52000000,0.00400000,921608184,921608184,1736092278041
467657167,213.53000000,0.61700000,921608185,921608202,1736092278092
467657168,213.54000000,1.25200000,921608203,921608214,1736092278099
467657169,213.55000000,0.49500000,921608215,921608216,1736092278164
467657170,213.54000000,0.13200000,921608217,921608217,1736092279645
467657171,213.54000000,0.11200000,921608218,921608218,1736092280347
467657172,213.54000000,0.03700000,921608219,921608219,1736092280527
467657173,213.54000000,0.03200000,921608220,921608220,1736092280626
467657174,213.54000000,0.14500000,921608221,921608225,1736092281124
467657175,213.53000000,0.38200000,921608226,921608230,1736092281404
467657176,213.53000000,7.51500000,921608231,921608236,1736092281870
467657177,213.52000000,0.29500000,921608237,921608242,1736092281873
467657178,213.52000000,5.09600000,921608243,921608243,1736092281914
467657179,213.52000000,0.07100000,921608244,921608244,1736092282053
467657180,213.51000000,1.41400000,921608245,921608245,1736092282079
467657181,213.52000000,0.09300000,921608246,921608246,1736092282232
467657182,213.51000000,1.12700000,921608247,921608253,1736092282599
467657183,213.50000000,0.02400000,921608254,921608254,1736092283620
467657184,213.50000000,1.06100000,921608255,921608255,1736092284046
467657185,213.51000000,20.00000000,921608256,921608256,1736092284096
467657186,213.50000000,0.38800000,921608257,921608257,1736092284473
467657187,213.51000000,4.68300000,921608258,921608258,1736092285133
467657188,213.50000000,20.00000000,921608259,921608263,1736092285138
467657189,213.50000000,0.16000000,921608264,921608264,1736092285905
467657190,213.51000000,1.41400000,921608265,921608265,1736092286045
467657191,213.51000000,0.08700000,921608266,921608266,1736092286580
467657192,213.51000000,0.03200000,921608267,921608267,1736092287263
467657193,213.50000000,0.05100000,921608268,921608268,1736092287902
467657194,213.51000000,0.05000000,921608269,921608270,1736092288157
467657195,213.51000000,0.07000000,921608271,921608273,1736092288163
467657196,213.50000000,1.41100000,921608274,921608274,1736092288497
467657197,213.50000000,0.18400000,921608275,921608275,1736092288846
467657198,213.50000000,0.03700000,921608276,921608276,1736092289287
467657199,213.51000000,0.46800000,921608277,921608277,1736092289558
467657200,213.50000000,1.08000000,921608278,921608278,1736092289978
467657201,213.51000000,0.04500000,921608279,921608279,1736092290555
467657202,213.50000000,0.02500000,921608280,921608280,1736092290586
467657203,213.50000000,0.03200000,921608281,921608281,1736092291217
467657204,213.51000000,0.25200000,921608282,921608282,1736092292888
467657205,213.50000000,0.03800000,921608283,921608283,1736092293041
467657206,213.51000000,0.21700000,921608284,921608284,1736092293968
467657207,213.51000000,4.64500000,921608285,921608285,1736092294961
467657208,213.50000000,3.91600000,921608286,921608287,1736092296157
467657209,213.51000000,4.64900000,921608288,921608288,1736092296567
467657210,213.51000000,0.75300000,921608289,921608289,1736092296744
467657211,213.50000000,0.60000000,921608290,921608290,1736092297064
467657212,213.51000000,15.85100000,921608291,921608292,1736092297261
467657213,213.51000000,5.93100000,921608293,921608301,1736092297262
467657214,213.52000000,1.11900000,921608302,921608310,1736092297297
467657215,213.53000000,1.89800000,921608311,921608318,1736092297350
467657216,213.53000000,0.33000000,921608319,921608331,1736092297384
467657217,213.53000000,1.02300000,921608332,921608332,1736092297438
467657218,213.53000000,0.03300000,921608333,921608333,1736092297484
467657219,213.54000000,0.78200000,921608334,921608358,1736092297636
467657220,213.55000000,4.65500000,921608359,921608359,1736092298086
467657221,213.54000000,0.41100000,921608360,921608360,1736092298269
467657222,213.54000000,0.41100000,921608361,921608361,1736092298269
467657223,213.54000000,0.41100000,921608362,921608362,1736092298273
467657224,213.54000000,49.50500000,921608363,921608364,1736092298273
467657225,213.54000000,0.41100000,921608365,921608365,1736092298274
467657226,213.55000000,2.34200000,921608366,921608366,1736092298287
467657227,213.55000000,0.60900000,921608367,921608367,1736092298288
467657228,213.55000000,4.07500000,921608368,921608368,1736092298289
467657229,213.55000000,7.20600000,921608369,921608375,1736092298297
467657230,213.56000000,0.34000000,921608376,921608385,1736092298297
467657231,213.57000000,0.46400000,921608386,921608395,1736092298332
467657232,213.57000000,1.31000000,921608396,921608396,1736092298448
467657233,213.57000000,1.00000000,921608397,921608397,1736092298720
467657234,213.58000000,0.04700000,921608398,921608398,1736092299005
467657235,213.58000000,4.66000000,921608399,921608400,1736092299103
467657236,213.58000000,4.66600000,921608401,921608403,1736092300001
467657237,213.58000000,1.87200000,921608404,921608404,1736092300382
467657238,213.58000000,0.47300000,921608405,921608405,1736092301094
467657239,213.58000000,0.02800000,921608406,921608406,1736092301699
467657240,213.58000000,2.29600000,921608407,921608407,1736092302669
467657241,213.57000000,32.41000000,921608408,921608411,1736092303316
467657242,213.57000000,9.15800000,921608412,921608413,1736092303317
467657243,213.57000000,14.50100000,921608414,921608419,1736092303317
467657244,213.57000000,5.32900000,921608420,921608420,1736092303317
467657245,213.57000000,7.82100000,921608421,921608421,1736092303317
467657246,213.57000000,47.75000000,921608422,921608422,1736092303317
467657247,213.57000000,34.19300000,921608423,921608423,1736092303317
467657248,213.57000000,3.78000000,921608424,921608424,1736092303317
467657249,213.57000000,14.84700000,921608425,921608425,1736092303317
467657250,213.57000000,11.28400000,921608426,921608426,1736092303317
467657251,213.57000000,10.42000000,921608427,921608427,1736092303317
467657252,213.57000000,47.55200000,921608428,921608435,1736092303318
467657253,213.57000000,2.63500000,921608436,921608437,1736092303318
467657254,213.56000000,0.20600000,921608438,921608443,1736092303319
467657255,213.56000000,0.02400000,921608444,921608444,1736092303558
467657256,213.55000000,0.17800000,921608445,921608450,1736092303598
467657257,213.54000000,0.26600000,921608451,921608458,1736092303598
467657258,213.53000000,1.31500000,921608459,921608469,1736092303598
467657259,213.52000000,1.38100000,921608470,921608481,1736092303797
467657260,213.52000000,0.04300000,921608482,921608482,1736092304211
467657261,213.52000000,0.53000000,921608483,921608483,1736092304447
467657262,213.52000000,0.07000000,921608484,921608484,1736092306523
467657263,213.52000000,0.07900000,921608485,921608485,1736092308213
467657264,213.52000000,0.04600000,921608486,921608486,1736092308226
467657265,213.52000000,13.70000000,921608487,921608487,1736092308423
467657266,213.52000000,0.05600000,921608488,921608488,1736092308627
467657267,213.52000000,2.33700000,921608489,921608489,1736092309137
467657268,213.52000000,0.11400000,921608490,921608490,1736092309308
467657269,213.52000000,0.46300000,921608491,921608491,1736092309465
467657270,213.51000000,6.02000000,921608492,921608492,1736092310315
467657271,213.52000000,0.04700000,921608493,921608493,1736092310700
467657272,213.52000000,2.34200000,921608494,921608494,1736092310700
467657273,213.52000000,0.70200000,921608495,921608495,1736092310701
467657274,213.52000000,2.48300000,921608496,921608497,1736092310701
467657275,213.52000000,1.49900000,921608498,921608498,1736092310701
467657276,213.52000000,2.34200000,921608499,921608499,1736092310864
467657277,213.52000000,3.79500000,921608500,921608503,1736092310864
467657278,213.52000000,0.89000000,921608504,921608504,1736092310864
467657279,213.52000000,13.64900000,921608505,921608505,1736092311023
467657280,213.52000000,4.68400000,921608506,921608508,1736092311024
467657281,213.52000000,0.37300000,921608509,921608509,1736092311421
467657282,213.51000000,0.98300000,921608510,921608510,1736092311760
467657283,213.52000000,4.31200000,921608511,921608515,1736092311798
467657284,213.53000000,0.35000000,921608516,921608525,1736092311798
467657285,213.53000000,0.41000000,921608526,921608526,1736092311800
467657286,213.53000000,0.41000000,921608527,921608527,1736092311800
467657287,213.53000000,0.41000000,921608528,921608528,1736092311800
467657288,213.53000000,0.41000000,921608529,921608529,1736092311800
467657289,213.53000000,0.41000000,921608530,921608530,1736092311800
467657290,213.53000000,0.41000000,921608531,921608531,1736092311800
467657291,213.53000000,0.41000000,921608532,921608532,1736092311800
467657292,213.53000000,0.41000000,921608533,921608533,1736092311800
467657293,213.53000000,0.41000000,921608534,921608534,1736092311800
467657294,213.53000000,0.41000000,921608535,921608535,1736092311800
467657295,213.53000000,0.41000000,921608536,921608536,1736092311800
467657296,213.53000000,0.41000000,921608537,921608537,1736092311800
467657297,213.53000000,0.41000000,921608538,921608538,1736092311801
467657298,213.53000000,0.41000000,921608539,921608539,1736092311801
467657299,213.53000000,0.41000000,921608540,921608540,1736092311801
467657300,213.53000000,0.41000000,921608541,921608541,1736092311801
467657301,213.53000000,0.41000000,921608542,921608542,1736092311802
467657302,213.53000000,54.11300000,921608543,921608547,1736092311803
467657303,213.53000000,0.41000000,921608548,921608548,1736092311804
467657304,213.53000000,0.41000000,921608549,921608549,1736092311804
467657305,213.53000000,0.41000000,921608550,921608550,1736092311804
467657306,213.53000000,29.90800000,921608551,921608553,1736092311807
467657307,213.53000000,29.90800000,921608554,921608557,1736092311807
467657308,213.53000000,29.91100000,921608558,921608561,1736092311809
467657309,213.54000000,4.68500000,921608562,921608569,1736092311824
467657310,213.54000000,2.34200000,921608570,921608570,1736092311825
467657311,213.54000000,0.50500000,921608571,921608571,1736092311900
467657312,213.54000000,1.02100000,921608572,921608572,1736092311997
467657313,213.54000000,0.04700000,921608573,921608573,1736092312218
467657314,213.53000000,0.06100000,921608574,921608576,1736092312590
467657315,213.54000000,0.10000000,921608577,921608577,1736092312594
467657316,213.53000000,0.09000000,921608578,921608578,1736092312597
467657317,213.54000000,1.17500000,921608579,921608579,1736092313112
467657318,213.53000000,6.02000000,921608580,921608580,1736092313278
467657319,213.53000000,6.02000000,921608581,921608581,1736092313358
467657320,213.54000000,4.68600000,921608582,921608582,1736092314120
467657321,213.53000000,6.01800000,921608583,921608592,1736092314169
467657322,213.54000000,0.14700000,921608593,921608593,1736092314430
467657323,213.53000000,0.31200000,921608594,921608603,1736092314497
467657324,213.53000000,0.75300000,921608604,921608604,1736092315530
467657325,213.52000000,6.02000000,921608605,921608611,1736092315940
467657326,213.52000000,8.95500000,921608612,921608623,1736092315996
467657327,213.52000000,2.82600000,921608624,921608624,1736092316167
467657328,213.52000000,0.47500000,921608625,921608625,1736092316217
467657329,213.52000000,0.70600000,921608626,921608626,1736092316521
467657330,213.51000000,0.09700000,921608627,921608627,1736092316615
467657331,213.52000000,4.66400000,921608628,921608628,1736092317968
467657332,213.52000000,0.04500000,921608629,921608629,1736092318420
467657333,213.52000000,0.49900000,921608630,921608630,1736092319839
467657334,213.51000000,0.10900000,921608631,921608631,1736092319846
467657335,213.52000000,0.28100000,921608632,921608632,1736092321514
467657336,213.51000000,0.02700000,921608633,921608633,1736092324002
467657337,213.52000000,0.07000000,921608634,921608634,1736092324105
467657338,213.51000000,0.76000000,921608635,921608635,1736092325937
467657339,213.51000000,0.02700000,921608636,921608636,1736092325977
467657340,213.51000000,0.32700000,921608637,921608637,1736092326001
467657341,213.51000000,3.91600000,921608638,921608643,1736092326045
467657342,213.52000000,0.52000000,921608644,921608644,1736092326095
467657343,213.51000000,0.25700000,921608645,921608645,1736092326294
467657344,213.52000000,1.40100000,921608646,921608646,1736092327375
467657345,213.52000000,0.55900000,921608647,921608647,1736092327381
467657346,213.52000000,1.40100000,921608648,921608648,1736092327392
467657347,213.52000000,4.19100000,921608649,921608649,1736092328378
467657348,213.51000000,2.51000000,921608650,921608650,1736092328680
467657349,213.51000000,0.03100000,921608651,921608651,1736092329285
467657350,213.51000000,0.03100000,921608652,921608652,1736092329340
467657351,213.52000000,1.40000000,921608653,921608653,1736092329542
467657352,213.51000000,0.09800000,921608654,921608654,1736092330807
467657353,213.52000000,1.10800000,921608655,921608655,1736092330988
467657354,213.51000000,1.54500000,921608656,921608656,1736092331029
467657355,213.52000000,1.40100000,921608657,921608657,1736092331897
467657356,213.51000000,0.03900000,921608658,921608658,1736092331991
467657357,213.52000000,24.96000000,921608659,921608660,1736092332163
467657358,213.52000000,0.75400000,921608661,921608661,1736092332262
467657359,213.52000000,2.00000000,921608662,921608663,1736092332600
467657360,213.52000000,0.50000000,921608664,921608664,1736092333259
467657361,213.52000000,0.04700000,921608665,921608665,1736092334904
467657362,213.51000000,0.09200000,921608666,921608666,1736092335219
467657363,213.52000000,0.02900000,921608667,921608667,1736092335451
467657364,213.52000000,2.00000000,921608668,921608668,1736092335676
467657365,213.51000000,1.50000000,921608669,921608669,1736092336252
467657366,213.51000000,1.41900000,921608670,921608670,1736092337191
467657367,213.51000000,0.03900000,921608671,921608671,1736092337471
467657368,213.51000000,1.86000000,921608672,921608672,1736092338363
467657369,213.52000000,0.11000000,921608673,921608673,1736092339154
467657370,213.52000000,0.38800000,921608674,921608674,1736092339234
467657371,213.51000000,1.41600000,921608675,921608676,1736092339493
467657372,213.52000000,35.04000000,921608677,921608679,1736092340591
467657373,213.52000000,5.58600000,921608680,921608680,1736092340592
467657374,213.52000000,10.69300000,921608681,921608685,1736092340593
467657375,213.52000000,27.82800000,921608686,921608687,1736092340593
467657376,213.52000000,77.90000000,921608688,921608689,1736092340593
467657377,213.52000000,4.66600000,921608690,921608690,1736092340593
467657378,213.52000000,11.01000000,921608691,921608695,1736092340594
467657379,213.52000000,7.82400000,921608696,921608697,1736092340594
467657380,213.53000000,4.68500000,921608698,921608701,1736092340600
467657381,213.53000000,2.34200000,921608702,921608702,1736092340600
467657382,213.53000000,0.16300000,921608703,921608703,1736092340602
467657383,213.53000000,10.96800000,921608704,921608709,1736092340615
467657384,213.54000000,0.89400000,921608710,921608715,1736092340697
467657385,213.55000000,0.23400000,921608716,921608718,1736092340697
467657386,213.55000000,0.78100000,921608719,921608719,1736092340908
467657387,213.55000000,1.45200000,921608720,921608720,1736092340937
467657388,213.55000000,1.45200000,921608721,921608721,1736092341422
467657389,213.55000000,1.78000000,921608722,921608722,1736092341684
467657390,213.55000000,2.34200000,921608723,921608723,1736092341684
467657391,213.55000000,0.64900000,921608724,921608724,1736092341907
467657392,213.54000000,1.40900000,921608725,921608725,1736092341914
467657393,213.55000000,0.10800000,921608726,921608726,1736092341919
467657394,213.54000000,0.05000000,921608727,921608727,1736092341936
467657395,213.54000000,0.32800000,921608728,921608728,1736092341994
467657396,213.54000000,6.01700000,921608729,921608729,1736092342067
467657397,213.54000000,6.01700000,921608730,921608730,1736092342167
467657398,213.54000000,6.01700000,921608731,921608731,1736092342184
467657399,213.54000000,1.41200000,921608732,921608732,1736092342399
467657400,213.55000000,5.26200000,921608733,921608733,1736092342845
467657401,213.55000000,8.43000000,921608734,921608736,1736092342845
467657402,213.54000000,6.01500000,921608737,921608737,1736092343059
467657403,213.54000000,2.36000000,921608738,921608738,1736092343303
467657404,213.55000000,0.20000000,921608739,921608739,1736092343359
467657405,213.55000000,1.37400000,921608740,921608744,1736092343554
467657406,213.54000000,0.07300000,921608745,921608745,1736092343569
467657407,213.54000000,1.41900000,921608746,921608746,1736092343603
467657408,213.54000000,0.05800000,921608747,921608747,1736092343700
467657409,213.54000000,0.93200000,921608748,921608748,1736092343829
467657410,213.54000000,6.01500000,921608749,921608750,1736092343855
467657411,213.55000000,0.12500000,921608751,921608751,1736092344025
467657412,213.54000000,0.05500000,921608752,921608753,1736092344661
467657413,213.54000000,1.41900000,921608754,921608755,1736092344851
467657414,213.55000000,0.23400000,921608756,921608756,1736092345166
467657415,213.55000000,0.04600000,921608757,921608757,1736092345220
467657416,213.55000000,1.40100000,921608758,921608758,1736092345225
467657417,213.54000000,0.04100000,921608759,921608759,1736092345239
467657418,213.55000000,1.40100000,921608760,921608760,1736092345268
467657419,213.54000000,0.03900000,921608761,921608761,1736092345592
467657420,213.55000000,0.11400000,921608762,921608762,1736092346221
467657421,213.54000000,0.05100000,921608763,921608763,1736092346265
467657422,213.54000000,0.09900000,921608764,921608764,1736092346324
467657423,213.55000000,0.64500000,921608765,921608765,1736092346887
467657424,213.55000000,0.60000000,921608766,921608766,1736092347308
467657425,213.55000000,8.23800000,921608767,921608767,1736092348296
467657426,213.55000000,1.84500000,921608768,921608768,1736092348776
467657427,213.54000000,0.65800000,921608769,921608769,1736092348846
467657428,213.55000000,1.06900000,921608770,921608770,1736092349019
467657429,213.54000000,0.04500000,921608771,921608771,1736092349455
467657430,213.54000000,6.01500000,921608772,921608772,1736092349744
467657431,213.54000000,0.03900000,921608773,921608773,1736092350084
467657432,213.55000000,35.36100000,921608774,921608779,1736092350848
467657433,213.55000000,28.80200000,921608780,921608786,1736092350848
467657434,213.56000000,8.88100000,921608787,921608794,1736092350852
467657435,213.57000000,36.05000000,921608795,921608802,1736092350854
467657436,213.57000000,17.43700000,921608803,921608804,1736092350855
467657437,213.58000000,21.35100000,921608805,921608817,1736092350858
467657438,213.58000000,12.03900000,921608818,921608818,1736092350858
467657439,213.58000000,12.03900000,921608819,921608819,1736092350858
467657440,213.58000000,11.92500000,921608820,921608822,1736092350860
467657441,213.59000000,0.49400000,921608823,921608824,1736092350891
467657442,213.59000000,0.44000000,921608825,921608825,1736092351265
467657443,213.59000000,2.55900000,921608826,921608832,1736092351652
467657444,213.58000000,0.10000000,921608833,921608833,1736092352038
467657445,213.59000000,0.16000000,921608834,921608834,1736092352094
467657446,213.59000000,1.02100000,921608835,921608836,1736092352177
467657447,213.58000000,0.03300000,921608837,921608837,1736092352503
467657448,213.58000000,0.25700000,921608838,921608838,1736092353234
467657449,213.58000000,0.23700000,921608839,921608839,1736092353332
467657450,213.58000000,1.41100000,921608840,921608840,1736092353430
467657451,213.58000000,0.04200000,921608841,921608841,1736092353690
467657452,213.58000000,187.96100000,921608842,921608859,1736092354123
467657453,213.58000000,1.41100000,921608860,921608866,1736092354174
467657454,213.58000000,3.56100000,921608867,921608872,1736092354196
467657455,213.57000000,1.41300000,921608873,921608873,1736092355072
467657456,213.57000000,1.41300000,921608874,921608874,1736092356751
467657457,213.57000000,1.12700000,921608875,921608884,1736092356913
467657458,213.56000000,5.73400000,921608885,921608889,1736092356936
467657459,213.56000000,3.80800000,921608890,921608902,1736092356998
467657460,213.56000000,0.05300000,921608903,921608903,1736092357565
467657461,213.55000000,0.26000000,921608904,921608907,1736092357664
467657462,213.56000000,0.05200000,921608908,921608908,1736092358122
467657463,213.56000000,0.58500000,921608909,921608909,1736092358644
467657464,213.56000000,0.86900000,921608910,921608910,1736092358934
467657465,213.56000000,2.19000000,921608911,921608912,1736092362010
467657466,213.55000000,1.41200000,921608913,921608919,1736092362136
467657467,213.56000000,0.03500000,921608920,921608920,1736092362146
467657468,213.56000000,1.00000000,921608921,921608921,1736092362733
467657469,213.56000000,0.70200000,921608922,921608922,1736092363054
467657470,213.56000000,2.41400000,921608923,921608923,1736092363321
467657471,213.56000000,0.21000000,921608924,921608924,1736092364028
467657472,213.56000000,0.22800000,921608925,921608925,1736092364142
467657473,213.55000000,0.23300000,921608926,921608926,1736092364432
467657474,213.55000000,0.05000000,921608927,921608927,1736092365433
467657475,213.55000000,3.91600000,921608928,921608928,1736092366212
467657476,213.56000000,0.03300000,921608929,921608929,1736092366416
467657477,213.56000000,0.57300000,921608930,921608930,1736092367054
467657478,213.55000000,1.40800000,921608931,921608931,1736092368477
467657479,213.56000000,0.16700000,921608932,921608932,1736092368529
467657480,213.56000000,2.80800000,921608933,921608933,1736092370423
467657481,213.55000000,0.12000000,921608934,921608934,1736092370649
467657482,213.55000000,1.41300000,921608935,921608935,1736092371057
467657483,213.55000000,0.04500000,921608936,921608936,1736092371728
467657484,213.55000000,0.06300000,921608937,921608937,1736092371745
467657485,213.55000000,1.41200000,921608938,921608938,1736092371896
467657486,213.56000000,0.02700000,921608939,921608940,1736092372157
467657487,213.56000000,2.08600000,921608941,921608943,1736092372183
467657488,213.56000000,17.88400000,921608944,921608944,1736092372528
467657489,213.56000000,7.81400000,921608945,921608953,1736092372528
467657490,213.56000000,2.10200000,921608954,921608957,1736092372528
467657491,213.57000000,1.81000000,921608958,921608968,1736092372534
467657492,213.58000000,2.87400000,921608969,921608972,1736092372534
467657493,213.58000000,2.34200000,921608973,921608973,1736092372534
467657494,213.58000000,0.93500000,921608974,921608981,1736092372538
467657495,213.59000000,9.99400000,921608982,921608993,1736092372796
467657496,213.59000000,4.68600000,921608994,921608994,1736092373983
467657497,213.59000000,0.14000000,921608995,921608995,1736092374022
467657498,213.59000000,1.41300000,921608996,921608996,1736092374386
467657499,213.59000000,1.41400000,921608997,921608997,1736092375186
467657500,213.59000000,1.41200000,921608998,921608998,1736092375966
467657501,213.59000000,1.28500000,921608999,921608999,1736092375968
467657502,213.59000000,0.10800000,921609000,921609000,1736092375968
467657503,213.60000000,0.09300000,921609001,921609002,1736092376008
467657504,213.59000000,12.93300000,921609003,921609008,1736092376625
467657505,213.59000000,35.24100000,921609009,921609014,1736092376625
467657506,213.59000000,16.57000000,921609015,921609015,1736092376625
467657507,213.59000000,2.20200000,921609016,921609017,1736092376626
467657508,213.58000000,1.41200000,921609018,921609023,1736092377271
467657509,213.58000000,6.69100000,921609024,921609031,1736092377796
467657510,213.57000000,1.43000000,921609032,921609036,1736092377921
467657511,213.57000000,0.41600000,921609037,921609045,1736092378281
467657512,213.56000000,2.57400000,921609046,921609046,1736092378281
467657513,213.56000000,1.41200000,921609047,921609047,1736092378365
467657514,213.56000000,1.22600000,921609048,921609058,1736092378643
467657515,213.55000000,2.48100000,921609059,921609061,1736092378644
467657516,213.55000000,1.87800000,921609062,921609063,1736092378645
467657517,213.55000000,13.73800000,921609064,921609066,1736092378645
467657518,213.55000000,1.89100000,921609067,921609067,1736092378646
467657519,213.55000000,6.93700000,921609068,921609079,1736092378697
467657520,213.54000000,0.50400000,921609080,921609080,1736092379299
467657521,213.55000000,1.00000000,921609081,921609081,1736092379458
467657522,213.54000000,10.38000000,921609082,921609082,1736092379625
467657523,213.54000000,1.58100000,921609083,921609083,1736092379625
467657524,213.54000000,3.43900000,921609084,921609097,1736092379625
467657525,213.54000000,0.03000000,921609098,921609098,1736092379625
467657526,213.53000000,1.41200000,921609099,921609100,1736092379774
467657527,213.54000000,0.15400000,921609101,921609101,1736092380126
467657528,213.54000000,23.41400000,921609102,921609103,1736092380343
467657529,213.53000000,1.41200000,921609104,921609104,1736092380885
467657530,213.54000000,1.50000000,921609105,921609105,1736092381092
467657531,213.53000000,1.87000000,921609106,921609106,1736092381101
467657532,213.53000000,1.87000000,921609107,921609107,1736092381101
467657533,213.53000000,11.74500000,921609108,921609108,1736092381101
467657534,213.53000000,4.22300000,921609109,921609109,1736092381101
467657535,213.53000000,7.64900000,921609110,921609115,1736092381102
467657536,213.53000000,2.70900000,921609116,921609116,1736092381102
467657537,213.53000000,0.03000000,921609117,921609117,1736092381104
467657538,213.52000000,1.68800000,921609118,921609128,1736092381106
467657539,213.52000000,0.17300000,921609129,921609129,1736092381215
467657540,213.52000000,0.28700000,921609130,921609130,1736092381244
467657541,213.51000000,1.41100000,921609131,921609132,1736092382130
467657542,213.51000000,1.41400000,921609133,921609135,1736092383213
467657543,213.52000000,0.05000000,921609136,921609136,1736092385293
467657544,213.51000000,0.49900000,921609137,921609137,1736092385354
467657545,213.51000000,1.41500000,921609138,921609142,1736092385463
467657546,213.52000000,21.96000000,921609143,921609150,1736092385547
467657547,213.52000000,1.87000000,921609151,921609151,1736092385548
467657548,213.52000000,7.25400000,921609152,921609155,1736092385548
467657549,213.53000000,0.11500000,921609156,921609159,1736092385552
467657550,213.54000000,2.42000000,921609160,921609163,1736092385782
467657551,213.53000000,0.23400000,921609164,921609164,1736092385866
467657552,213.53000000,3.91600000,921609165,921609166,1736092386231
467657553,213.54000000,0.04000000,921609167,921609167,1736092386557
467657554,213.53000000,1.41400000,921609168,921609172,1736092386756
467657555,213.54000000,0.95000000,921609173,921609173,1736092387586
467657556,213.53000000,0.99000000,921609174,921609176,1736092387632
467657557,213.53000000,0.15300000,921609177,921609182,1736092387696
467657558,213.52000000,1.41600000,921609183,921609187,1736092388235
467657559,213.53000000,0.11200000,921609188,921609188,1736092389649
467657560,213.53000000,0.82500000,921609189,921609189,1736092389870
467657561,213.52000000,0.04100000,921609190,921609191,1736092390392
467657562,213.53000000,0.04700000,921609192,921609192,1736092390680
467657563,213.53000000,0.44000000,921609193,921609193,1736092390734
467657564,213.53000000,0.10900000,921609194,921609194,1736092391121
467657565,213.52000000,0.11800000,921609195,921609195,1736092391221
467657566,213.53000000,4.67000000,921609196,921609200,1736092391666
467657567,213.53000000,0.23400000,921609201,921609201,1736092392359
467657568,213.53000000,0.78700000,921609202,921609202,1736092392567
467657569,213.53000000,0.44000000,921609203,921609203,1736092393238
467657570,213.53000000,0.06700000,921609204,921609204,1736092393315
467657571,213.52000000,0.04400000,921609205,921609205,1736092393458
467657572,213.53000000,0.05700000,921609206,921609206,1736092394653
467657573,213.53000000,0.21000000,921609207,921609207,1736092395118
467657574,213.53000000,2.14900000,921609208,921609208,1736092395573
467657575,213.53000000,0.84000000,921609209,921609209,1736092396206
467657576,213.52000000,0.09300000,921609210,921609210,1736092396248
467657577,213.53000000,0.25700000,921609211,921609211,1736092396705
467657578,213.52000000,0.59900000,921609212,921609212,1736092396830
467657579,213.53000000,0.10600000,921609213,921609213,1736092397736
467657580,213.52000000,1.42500000,921609214,921609214,1736092398125
467657581,213.53000000,12.05800000,921609215,921609215,1736092398437
467657582,213.53000000,3.61400000,921609216,921609236,1736092398497
467657583,213.54000000,0.09300000,921609237,921609237,1736092399509
467657584,213.54000000,0.25500000,921609238,921609238,1736092399746
467657585,213.54000000,0.47800000,921609239,921609239,1736092400816
467657586,213.53000000,3.40000000,921609240,921609240,1736092401900
467657587,213.53000000,0.03800000,921609241,921609241,1736092402040
467657588,213.53000000,1.41800000,921609242,921609242,1736092402136
467657589,213.54000000,10.13000000,921609243,921609243,1736092402738
467657590,213.54000000,30.70500000,921609244,921609244,1736092402738
467657591,213.54000000,7.09900000,921609245,921609245,1736092402738
467657592,213.54000000,47.56500000,921609246,921609255,1736092402738
467657593,213.55000000,6.05000000,921609256,921609258,1736092402756
467657594,213.55000000,4.30400000,921609259,921609259,1736092402918
467657595,213.55000000,5.16600000,921609260,921609260,1736092402920
467657596,213.55000000,2.11400000,921609261,921609261,1736092402923
467657597,213.54000000,0.02600000,921609262,921609262,1736092402931
467657598,213.55000000,2.22000000,921609263,921609271,1736092402933
467657599,213.56000000,0.43300000,921609272,921609287,1736092402996
467657600,213.57000000,3.91500000,921609288,921609303,1736092402996
467657601,213.57000000,0.41100000,921609304,921609304,1736092403019
467657602,213.57000000,0.41100000,921609305,921609305,1736092403020
467657603,213.57000000,0.41100000,921609306,921609306,1736092403021
467657604,213.57000000,0.41100000,921609307,921609307,1736092403022
467657605,213.57000000,0.41100000,921609308,921609308,1736092403023
467657606,213.57000000,0.41100000,921609309,921609309,1736092403024
467657607,213.57000000,0.41100000,921609310,921609310,1736092403024
467657608,213.57000000,0.41100000,921609311,921609311,1736092403025
467657609,213.57000000,0.41100000,921609312,921609312,1736092403026
467657610,213.57000000,0.41100000,921609313,921609313,1736092403026
467657611,213.57000000,0.41100000,921609314,921609314,1736092403026
467657612,213.57000000,0.41100000,921609315,921609315,1736092403027
467657613,213.57000000,0.41100000,921609316,921609316,1736092403028
467657614,213.57000000,0.41100000,921609317,921609317,1736092403029
467657615,213.57000000,0.41100000,921609318,921609318,1736092403029
467657616,213.57000000,0.41100000,921609319,921609319,1736092403029
467657617,213.57000000,0.41100000,921609320,921609320,1736092403029
467657618,213.57000000,0.41100000,921609321,921609321,1736092403030
467657619,213.57000000,0.41100000,921609322,921609322,1736092403032
467657620,213.57000000,0.96000000,921609323,921609323,1736092403207
467657621,213.57000000,0.55100000,921609324,921609324,1736092404772
467657622,213.57000000,0.02400000,921609325,921609325,1736092405379
467657623,213.57000000,13.01900000,921609326,921609326,1736092406730
467657624,213.57000000,0.26400000,921609327,921609327,1736092407371
467657625,213.57000000,0.09300000,921609328,921609328,1736092407622
467657626,213.58000000,0.22000000,921609329,921609330,1736092408070
467657627,213.57000000,0.07500000,921609331,921609331,1736092408513
467657628,213.57000000,15.00000000,921609332,921609332,1736092408514
467657629,213.57000000,0.41100000,921609333,921609333,1736092409557
467657630,213.57000000,40.18400000,921609334,921609337,1736092409557
467657631,213.57000000,0.41100000,921609338,921609338,1736092409557
467657632,213.57000000,0.41100000,921609339,921609339,1736092409557
467657633,213.57000000,0.41100000,921609340,921609340,1736092409557
467657634,213.57000000,0.41100000,921609341,921609341,1736092409557
467657635,213.57000000,0.41100000,921609342,921609342,1736092409557
467657636,213.57000000,0.41100000,921609343,921609343,1736092409558
467657637,213.57000000,0.41100000,921609344,921609344,1736092409558
467657638,213.57000000,0.41100000,921609345,921609345,1736092409558
467657639,213.57000000,62.21100000,921609346,921609356,1736092409558
467657640,213.57000000,0.41100000,921609357,921609357,1736092409558
467657641,213.57000000,0.41100000,921609358,921609358,1736092409558
467657642,213.57000000,0.41100000,921609359,921609359,1736092409560
467657643,213.57000000,0.41100000,921609360,921609360,1736092409560
467657644,213.57000000,21.18100000,921609361,921609361,1736092409561
467657645,213.57000000,21.18100000,921609362,921609362,1736092409561
467657646,213.57000000,0.41100000,921609363,921609363,1736092409561
467657647,213.57000000,20.77000000,921609364,921609364,1736092409562
467657648,213.57000000,20.77000000,921609365,921609366,1736092409562
467657649,213.57000000,20.35700000,921609367,921609368,1736092409563
467657650,213.58000000,0.93700000,921609369,921609369,1736092409564
467657651,213.57000000,0.41100000,921609370,921609370,1736092409565
467657652,213.57000000,0.41100000,921609371,921609371,1736092409566
467657653,213.57000000,0.03900000,921609372,921609372,1736092409651
467657654,213.57000000,0.02600000,921609373,921609373,1736092410362
467657655,213.58000000,0.24000000,921609374,921609374,1736092410429
467657656,213.57000000,0.41100000,921609375,921609375,1736092410827
467657657,213.58000000,11.12000000,921609376,921609378,1736092411132
467657658,213.58000000,0.36000000,921609379,921609379,1736092411152
467657659,213.57000000,0.03500000,921609380,921609380,1736092412291
467657660,213.57000000,16.05000000,921609381,921609381,1736092413473
467657661,213.57000000,9.05400000,921609382,921609382,1736092414155
467657662,213.57000000,24.22000000,921609383,921609383,1736092414155
467657663,213.57000000,4.11700000,921609384,921609384,1736092414157
467657664,213.57000000,5.99100000,921609385,921609385,1736092414157
467657665,213.57000000,7.61100000,921609386,921609386,1736092414158
467657666,213.57000000,28.11200000,921609387,921609393,1736092414159
467657667,213.57000000,1.38500000,921609394,921609394,1736092414160
467657668,213.57000000,1.87000000,921609395,921609396,1736092414160
467657669,213.57000000,2.73600000,921609397,921609398,1736092414162
467657670,213.57000000,1.44000000,921609399,921609405,1736092414162
467657671,213.56000000,1.33200000,921609406,921609417,1736092414164
467657672,213.56000000,0.13800000,921609418,921609418,1736092414766
467657673,213.56000000,0.23000000,921609419,921609419,1736092415347
467657674,213.56000000,1.51000000,921609420,921609420,1736092415999
467657675,213.55000000,3.91600000,921609421,921609421,1736092416412
467657676,213.56000000,0.16700000,921609422,921609422,1736092416769
467657677,213.56000000,0.07000000,921609423,921609423,1736092417388
467657678,213.56000000,0.46700000,921609424,921609424,1736092417784
467657679,213.55000000,1.92700000,921609425,921609425,1736092418251
467657680,213.56000000,2.34100000,921609426,921609426,1736092418255
467657681,213.56000000,0.97000000,921609427,921609427,1736092418942
467657682,213.56000000,0.15800000,921609428,921609428,1736092418963
467657683,213.55000000,0.46100000,921609429,921609433,1736092419331
467657684,213.55000000,0.02400000,921609434,921609434,1736092419764
467657685,213.55000000,15.39300000,921609435,921609435,1736092420298
467657686,213.55000000,14.20700000,921609436,921609436,1736092420340
467657687,213.55000000,18.91300000,921609437,921609437,1736092420340
467657688,213.55000000,4.10900000,921609438,921609443,1736092420341
467657689,213.55000000,4.28200000,921609444,921609444,1736092420341
467657690,213.55000000,9.11200000,921609445,921609445,1736092420341
467657691,213.55000000,12.91200000,921609446,921609446,1736092420341
467657692,213.55000000,22.25800000,921609447,921609453,1736092420341
467657693,213.54000000,13.39700000,921609454,921609466,1736092420344
467657694,213.53000000,0.09000000,921609467,921609469,1736092421035
467657695,213.53000000,0.03300000,921609470,921609470,1736092421129
467657696,213.54000000,1.87400000,921609471,921609471,1736092421161
467657697,213.54000000,0.33400000,921609472,921609472,1736092421761
467657698,213.54000000,0.04600000,921609473,921609473,1736092421838
467657699,213.54000000,1.40600000,921609474,921609474,1736092421847
467657700,213.54000000,1.40000000,921609475,921609475,1736092421854
467657701,213.54000000,2.85600000,921609476,921609476,1736092422621
467657702,213.54000000,0.46600000,921609477,921609477,1736092422743
467657703,213.54000000,0.11400000,921609478,921609478,1736092422829
467657704,213.54000000,1.40100000,921609479,921609479,1736092423496
467657705,213.53000000,0.04600000,921609480,921609480,1736092423601
467657706,213.54000000,23.41100000,921609481,921609482,1736092423996
467657707,213.53000000,0.04200000,921609483,921609483,1736092424108
467657708,213.53000000,0.12000000,921609484,921609484,1736092424934
467657709,213.54000000,1.39900000,921609485,921609485,1736092425270
467657710,213.54000000,1.39900000,921609486,921609486,1736092426358
467657711,213.54000000,1.00000000,921609487,921609487,1736092426850
467657712,213.54000000,0.04000000,921609488,921609488,1736092426864
467657713,213.53000000,0.10500000,921609489,921609489,1736092427565
467657714,213.53000000,1.42200000,921609490,921609490,1736092427975
467657715,213.54000000,1.39900000,921609491,921609491,1736092428001
467657716,213.54000000,1.39200000,921609492,921609492,1736092429054
467657717,213.53000000,1.42400000,921609493,921609493,1736092429069
467657718,213.54000000,1.39800000,921609494,921609494,1736092429315
467657719,213.54000000,1.01500000,921609495,921609495,1736092429704
467657720,213.54000000,1.39700000,921609496,921609496,1736092430076
467657721,213.54000000,1.21700000,921609497,921609497,1736092430598
467657722,213.54000000,0.18700000,921609498,921609498,1736092430846
467657723,213.54000000,1.39800000,921609499,921609499,1736092430943
467657724,213.54000000,1.39800000,921609500,921609500,1736092431394
467657725,213.54000000,0.53200000,921609501,921609501,1736092431628
467657726,213.54000000,5.25000000,921609502,921609502,1736092431638
467657727,213.54000000,1.39800000,921609503,921609503,1736092432362
467657728,213.53000000,0.86000000,921609504,921609504,1736092432460
467657729,213.54000000,1.39900000,921609505,921609505,1736092432471
467657730,213.54000000,1.39800000,921609506,921609510,1736092433815
467657731,213.54000000,1.39900000,921609511,921609511,1736092433821
467657732,213.54000000,0.14200000,921609512,921609512,1736092434022
467657733,213.54000000,0.23300000,921609513,921609513,1736092434417
467657734,213.54000000,1.39900000,921609514,921609514,1736092434970
467657735,213.54000000,1.02100000,921609515,921609515,1736092435444
467657736,213.54000000,1.40000000,921609516,921609516,1736092435504
467657737,213.54000000,2.32000000,921609517,921609517,1736092435739
467657738,213.53000000,3.91600000,921609518,921609518,1736092435757
467657739,213.53000000,0.04900000,921609519,921609519,1736092435825
467657740,213.54000000,0.09700000,921609520,921609520,1736092435834
467657741,213.54000000,1.40400000,921609521,921609521,1736092435963
467657742,213.53000000,0.40000000,921609522,921609522,1736092436163
467657743,213.53000000,0.08000000,921609523,921609523,1736092436474
467657744,213.53000000,0.11800000,921609524,921609524,1736092436514
467657745,213.54000000,1.40000000,921609525,921609525,1736092436536
467657746,213.54000000,16.79100000,921609526,921609537,1736092436723
467657747,213.55000000,0.92700000,921609538,921609541,1736092436892
467657748,213.54000000,2.89600000,921609542,921609543,1736092437601
467657749,213.55000000,17.58700000,921609544,921609548,1736092437767
467657750,213.56000000,0.48600000,921609549,921609560,1736092437841
467657751,213.57000000,0.55300000,921609561,921609572,1736092437841
467657752,213.58000000,0.25000000,921609573,921609573,1736092437841
467657753,213.58000000,1.15800000,921609574,921609583,1736092437845
467657754,213.59000000,0.16300000,921609584,921609586,1736092437865
467657755,213.59000000,2.32600000,921609587,921609587,1736092437877
467657756,213.59000000,1.06500000,921609588,921609598,1736092438003
467657757,213.60000000,0.40900000,921609599,921609611,1736092438003
467657758,213.60000000,7.17900000,921609612,921609612,1736092438160
467657759,213.61000000,0.46700000,921609613,921609615,1736092438561
467657760,213.61000000,2.51000000,921609616,921609616,1736092438716
467657761,213.61000000,1.00800000,921609617,921609617,1736092440188
467657762,213.60000000,17.00000000,921609618,921609628,1736092440543
467657763,213.60000000,0.66500000,921609629,921609637,1736092440696
467657764,213.60000000,0.06600000,921609638,921609638,1736092440813
467657765,213.59000000,35.23400000,921609639,921609643,1736092441056
467657766,213.59000000,17.00000000,921609644,921609649,1736092441358
467657767,213.60000000,5.00000000,921609650,921609650,1736092441615
467657768,213.59000000,2.62400000,921609651,921609660,1736092441896
467657769,213.58000000,1.15800000,921609661,921609670,1736092441919
467657770,213.58000000,0.14000000,921609671,921609671,1736092441974
467657771,213.57000000,1.41100000,921609672,921609674,1736092443789
467657772,213.58000000,0.12800000,921609675,921609675,1736092443987
467657773,213.58000000,0.46800000,921609676,921609676,1736092444404
467657774,213.57000000,0.03400000,921609677,921609677,1736092444812
467657775,213.58000000,0.12000000,921609678,921609678,1736092444835
467657776,213.58000000,0.23800000,921609679,921609679,1736092446396
467657777,213.57000000,0.22000000,921609680,921609680,1736092446816
467657778,213.58000000,0.50900000,921609681,921609681,1736092446990
467657779,213.57000000,2.26600000,921609682,921609691,1736092447496
467657780,213.57000000,3.53800000,921609692,921609692,1736092447674
467657781,213.57000000,6.38100000,921609693,921609693,1736092447764
467657782,213.57000000,0.02300000,921609694,921609694,1736092448104
467657783,213.56000000,7.00000000,921609695,921609697,1736092448282
467657784,213.57000000,1.38400000,921609698,921609698,1736092449597
467657785,213.57000000,1.16800000,921609699,921609699,1736092449599
467657786,213.57000000,0.04700000,921609700,921609700,1736092449622
467657787,213.56000000,1.98600000,921609701,921609710,1736092450196
467657788,213.55000000,0.41900000,921609711,921609723,1736092450196
467657789,213.55000000,0.89000000,921609724,921609724,1736092450401
467657790,213.54000000,0.04700000,921609725,921609725,1736092450641
467657791,213.54000000,0.25300000,921609726,921609726,1736092450815
467657792,213.54000000,0.04100000,921609727,921609727,1736092450903
467657793,213.55000000,0.03000000,921609728,921609728,1736092450924
467657794,213.55000000,1.39100000,921609729,921609729,1736092451063
467657795,213.55000000,0.13000000,921609730,921609730,1736092451729
467657796,213.55000000,0.55400000,921609731,921609731,1736092452832
467657797,213.54000000,0.04000000,921609732,921609732,1736092453422
467657798,213.55000000,0.35900000,921609733,921609733,1736092454196
467657799,213.55000000,0.50000000,921609734,921609734,1736092454323
467657800,213.55000000,0.15100000,921609735,921609735,1736092454499
467657801,213.55000000,1.39800000,921609736,921609736,1736092455396
467657802,213.55000000,0.07900000,921609737,921609737,1736092456120
467657803,213.55000000,4.66100000,921609738,921609738,1736092456650
467657804,213.54000000,3.91600000,921609739,921609743,1736092456706
467657805,213.54000000,0.19900000,921609744,921609744,1736092456718
467657806,213.55000000,0.08000000,921609745,921609745,1736092456729
467657807,213.55000000,0.03800000,921609746,921609746,1736092456858
467657808,213.54000000,1.38600000,921609747,921609747,1736092457618
467657809,213.54000000,0.04000000,921609748,921609748,1736092458788
467657810,213.55000000,2.80500000,921609749,921609749,1736092458801
467657811,213.54000000,1.40900000,921609750,921609750,1736092458875
467657812,213.54000000,0.33100000,921609751,921609751,1736092458886
467657813,213.55000000,1.87100000,921609752,921609752,1736092459791
467657814,213.55000000,0.08300000,921609753,921609753,1736092461979
467657815,213.55000000,0.13000000,921609754,921609754,1736092462541
467657816,213.54000000,0.06500000,921609755,921609755,1736092462616
467657817,213.54000000,1.40800000,921609756,921609756,1736092463065
467657818,213.54000000,0.03700000,921609757,921609757,1736092463551
467657819,213.55000000,0.84300000,921609758,921609758,1736092463759
467657820,213.55000000,23.97700000,921609759,921609760,1736092463995
467657821,213.55000000,0.14000000,921609761,921609761,1736092465126
467657822,213.55000000,6.01700000,921609762,921609762,1736092465306
467657823,213.55000000,0.49300000,921609763,921609763,1736092465943
467657824,213.55000000,2.51200000,921609764,921609764,1736092466583
467657825,213.55000000,1.17000000,921609765,921609765,1736092467007
467657826,213.55000000,4.68500000,921609766,921609766,1736092467093
467657827,213.54000000,0.38200000,921609767,921609767,1736092467208
467657828,213.54000000,0.03000000,921609768,921609768,1736092468328
467657829,213.55000000,4.63000000,921609769,921609769,1736092468723
467657830,213.55000000,0.05300000,921609770,921609770,1736092468856
467657831,213.54000000,1.61000000,921609771,921609771,1736092469588
467657832,213.55000000,4.66900000,921609772,921609772,1736092469594
467657833,213.55000000,2.32500000,921609773,921609773,1736092469986
467657834,213.54000000,2.95600000,921609774,921609774,1736092469988
467657835,213.54000000,1.89300000,921609775,921609775,1736092470135
467657836,213.54000000,0.02400000,921609776,921609776,1736092470273
467657837,213.55000000,2.75500000,921609777,921609777,1736092470279
467657838,213.55000000,0.07000000,921609778,921609778,1736092470945
467657839,213.54000000,0.47000000,921609779,921609779,1736092471584
467657840,213.55000000,0.71300000,921609780,921609780,1736092471600
467657841,213.55000000,0.18100000,921609781,921609781,1736092471701
467657842,213.54000000,0.90000000,921609782,921609782,1736092471781
467657843,213.55000000,0.08000000,921609783,921609783,1736092473063
467657844,213.55000000,1.00000000,921609784,921609785,1736092473145
467657845,213.55000000,12.00000000,921609786,921609786,1736092473535
467657846,213.55000000,0.32700000,921609787,921609787,1736092474779
467657847,213.55000000,0.96000000,921609788,921609788,1736092475000
467657848,213.54000000,0.74000000,921609789,921609789,1736092476022
467657849,213.54000000,3.91600000,921609790,921609790,1736092476127
467657850,213.54000000,0.03100000,921609791,921609791,1736092476654
467657851,213.54000000,45.43500000,921609792,921609802,1736092476763
467657852,213.54000000,15.51400000,921609803,921609806,1736092476763
467657853,213.54000000,3.93700000,921609807,921609807,1736092476763
467657854,213.54000000,4.64800000,921609808,921609813,1736092476763
467657855,213.53000000,18.96800000,921609814,921609821,1736092476763
467657856,213.53000000,27.19800000,921609822,921609822,1736092476764
467657857,213.53000000,49.25000000,921609823,921609830,1736092476764
467657858,213.53000000,5.21300000,921609831,921609831,1736092476764
467657859,213.53000000,1.75800000,921609832,921609832,1736092476764
467657860,213.53000000,14.73200000,921609833,921609837,1736092476764
467657861,213.52000000,6.27000000,921609838,921609841,1736092476764
467657862,213.52000000,19.31500000,921609842,921609851,1736092476764
467657863,213.51000000,2.11400000,921609852,921609853,1736092476772
467657864,213.51000000,4.32300000,921609854,921609860,1736092476798
467657865,213.50000000,3.29400000,921609861,921609865,1736092476913
467657866,213.50000000,18.50900000,921609866,921609867,1736092476914
467657867,213.50000000,9.02300000,921609868,921609868,1736092477832
467657868,213.50000000,9.02100000,921609869,921609869,1736092477974
467657869,213.51000000,0.50500000,921609870,921609870,1736092478553
467657870,213.51000000,1.40100000,921609871,921609871,1736092478935
467657871,213.50000000,9.02500000,921609872,921609872,1736092479400
467657872,213.50000000,9.02100000,921609873,921609873,1736092479429
467657873,213.50000000,9.02100000,921609874,921609874,1736092479437
467657874,213.50000000,9.02100000,921609875,921609875,1736092479965
467657875,213.51000000,1.40000000,921609876,921609881,1736092480155
467657876,213.51000000,1.40100000,921609882,921609882,1736092481337
467657877,213.51000000,0.47300000,921609883,921609883,1736092482229
467657878,213.50000000,0.03000000,921609884,921609884,1736092482964
467657879,213.50000000,2.41600000,921609885,921609885,1736092483101
467657880,213.51000000,1.40100000,921609886,921609886,1736092483120
467657881,213.51000000,4.99900000,921609887,921609887,1736092483214
467657882,213.51000000,5.00000000,921609888,921609888,1736092483214
467657883,213.51000000,0.07300000,921609889,921609889,1736092484365
467657884,213.50000000,83.99000000,921609890,921609890,1736092485005
467657885,213.51000000,1.39900000,921609891,921609891,1736092485139
467657886,213.50000000,44.93500000,921609892,921609904,1736092485394
467657887,213.49000000,300.17800000,921609905,921609923,1736092485394
467657888,213.48000000,106.78400000,921609924,921609941,1736092485394
467657889,213.47000000,20.04500000,921609942,921609950,1736092485394
467657890,213.46000000,59.66600000,921609951,921609960,1736092485394
467657891,213.45000000,6.87700000,921609961,921609966,1736092485394
467657892,213.46000000,3.59900000,921609967,921609967,1736092485530
467657893,213.45000000,0.67900000,921609968,921609968,1736092486134
467657894,213.45000000,5.02800000,921609969,921609979,1736092486497
467657895,213.45000000,8.86400000,921609980,921609980,1736092486725
467657896,213.45000000,1.39900000,921609981,921609981,1736092486777
467657897,213.45000000,8.14200000,921609982,921609982,1736092487068
467657898,213.45000000,0.16500000,921609983,921609983,1736092487273
467657899,213.45000000,0.52400000,921609984,921609984,1736092487432
467657900,213.45000000,0.24600000,921609985,921609985,1736092487598
467657901,213.45000000,0.10000000,921609986,921609986,1736092487603
467657902,213.45000000,0.05600000,921609987,921609987,1736092487775
467657903,213.45000000,3.83000000,921609988,921609988,1736092488526
467657904,213.45000000,1.39900000,921609989,921609989,1736092488526
467657905,213.45000000,0.96500000,921609990,921609990,1736092488693
467657906,213.45000000,0.47500000,921609991,921609991,1736092489425
467657907,213.45000000,2.72300000,921609992,921609992,1736092490208
467657908,213.45000000,2.72300000,921609993,921609993,1736092490208
467657909,213.44000000,0.04400000,921609994,921609994,1736092490567
467657910,213.45000000,0.46800000,921609995,921609995,1736092490568
467657911,213.45000000,0.05100000,921609996,921609996,1736092490605
467657912,213.45000000,2.10000000,921609997,921609997,1736092490889
467657913,213.45000000,0.04600000,921609998,921609998,1736092490904
467657914,213.44000000,0.03400000,921609999,921610000,1736092490935
467657915,213.45000000,1.35400000,921610001,921610001,1736092491015
467657916,213.45000000,0.02500000,921610002,921610002,1736092491018
467657917,213.44000000,0.02400000,921610003,921610003,1736092492246
467657918,213.44000000,0.61000000,921610004,921610004,1736092492818
467657919,213.45000000,0.04300000,921610005,921610005,1736092493600
467657920,213.45000000,4.66600000,921610006,921610006,1736092493767
467657921,213.45000000,0.50000000,921610007,921610007,1736092494112
467657922,213.45000000,0.09200000,921610008,921610008,1736092494268
467657923,213.45000000,0.11100000,921610009,921610009,1736092494363
467657924,213.45000000,4.51200000,921610010,921610010,1736092494913
467657925,213.44000000,3.91600000,921610011,921610011,1736092495421
467657926,213.44000000,0.28000000,921610012,921610012,1736092495628
467657927,213.44000000,0.12600000,921610013,921610013,1736092496217
467657928,213.45000000,93.69800000,921610014,921610024,1736092496990
467657929,213.44000000,20.00000000,921610025,921610025,1736092497661
467657930,213.45000000,0.70100000,921610026,921610026,1736092497808
467657931,213.45000000,0.02900000,921610027,921610027,1736092497867
467657932,213.45000000,23.00000000,921610028,921610031,1736092497920
467657933,213.45000000,0.08000000,921610032,921610032,1736092497993
467657934,213.44000000,3.50000000,921610033,921610033,1736092499482
467657935,213.44000000,141.92300000,921610034,921610053,1736092500367
467657936,213.44000000,0.39000000,921610054,921610054,1736092501363
467657937,213.45000000,1.12800000,921610055,921610055,1736092501467
467657938,213.44000000,3.00000000,921610056,921610062,1736092502991
467657939,213.44000000,3.17900000,921610063,921610071,1736092502996
467657940,213.43000000,0.12000000,921610072,921610073,1736092504351
467657941,213.44000000,0.67500000,921610074,921610074,1736092505521
467657942,213.44000000,21.08400000,921610075,921610075,1736092505599
467657943,213.43000000,0.46700000,921610076,921610080,1736092505747
467657944,213.44000000,2.22200000,921610081,921610081,1736092506134
467657945,213.44000000,9.87000000,921610082,921610082,1736092506330
467657946,213.44000000,0.10300000,921610083,921610083,1736092506922
467657947,213.43000000,0.04200000,921610084,921610085,1736092506950
467657948,213.43000000,0.93200000,921610086,921610086,1736092507770
467657949,213.44000000,0.08000000,921610087,921610087,1736092507916
467657950,213.44000000,29.57600000,921610088,921610100,1736092509595
467657951,213.45000000,3.20400000,921610101,921610101,1736092509595
467657952,213.45000000,0.10600000,921610102,921610105,1736092510421
