Timestamp,Open,High,Low,Close,Volume
1704585600000,1699.00000000,1859.00000000,1695.00000000,1752.00000000,9912.39010000
1704672000000,1752.00000000,1979.00000000,1704.00000000,1818.00000000,29386.77570000
1704758400000,1819.00000000,1885.00000000,1751.00000000,1847.00000000,18468.60680000
1704844800000,1846.00000000,2045.00000000,1840.00000000,2038.00000000,26718.37110000
1704931200000,2038.00000000,2266.00000000,2010.00000000,2138.00000000,25357.55060000
1705017600000,2138.00000000,2190.00000000,1975.00000000,2026.00000000,15718.00310000
1705104000000,2026.00000000,2118.00000000,2013.00000000,2070.00000000,8367.67380000
1705190400000,2069.00000000,2111.00000000,2012.00000000,2034.00000000,8072.95370000
1705276800000,2034.00000000,2084.00000000,1992.00000000,2018.00000000,8540.95470000
1705363200000,2019.00000000,2059.00000000,1970.00000000,2012.00000000,5834.40080000
1705449600000,2012.00000000,2022.00000000,1946.00000000,1996.00000000,5306.24890000
1705536000000,1995.00000000,2041.00000000,1951.00000000,1988.00000000,9816.44850000
1705622400000,1988.00000000,2024.00000000,1891.00000000,1966.00000000,9019.91850000
1705708800000,1966.00000000,1993.00000000,1933.00000000,1972.00000000,5130.28940000
1705795200000,1971.00000000,2016.00000000,1970.00000000,1991.00000000,4177.20770000
1705881600000,1992.00000000,2007.00000000,1924.00000000,1933.00000000,5141.77780000
1705968000000,1932.00000000,1985.00000000,1862.00000000,1931.00000000,6124.39840000
1706054400000,1930.00000000,2127.00000000,1923.00000000,2126.00000000,9674.94440000
1706140800000,2126.00000000,2148.00000000,2081.00000000,2094.00000000,7492.63680000
1706227200000,2093.00000000,2105.00000000,2044.00000000,2075.00000000,4526.26820000
1706313600000,2075.00000000,2097.00000000,1999.00000000,2003.00000000,3283.23050000
1706400000000,2003.00000000,2030.00000000,1952.00000000,1958.00000000,2473.56370000
1706486400000,1957.00000000,1990.00000000,1932.00000000,1974.00000000,2990.81020000
1706572800000,1973.00000000,2046.00000000,1956.00000000,2024.00000000,5126.61030000
1706659200000,2023.00000000,2036.00000000,1945.00000000,1961.00000000,4051.94110000
1706745600000,1962.00000000,1998.00000000,1926.00000000,1995.00000000,3516.25660000
1706832000000,1996.00000000,2012.00000000,1960.00000000,1982.00000000,3120.91920000
1706918400000,1982.00000000,2025.00000000,1978.00000000,2006.00000000,1446.97120000
1707004800000,2006.00000000,2026.00000000,1975.00000000,1994.00000000,2152.11300000
1707091200000,1994.00000000,2003.00000000,1940.00000000,1952.00000000,2262.47030000
1707177600000,1952.00000000,1964.00000000,1911.00000000,1951.00000000,2983.89890000
1707264000000,1952.00000000,1966.00000000,1922.00000000,1948.00000000,1793.29770000
1707350400000,1948.00000000,1964.00000000,1919.00000000,1939.00000000,2807.73770000
1707436800000,1939.00000000,1990.00000000,1934.00000000,1968.00000000,3034.32950000
1707523200000,1968.00000000,2010.00000000,1966.00000000,2005.00000000,2383.20800000
1707609600000,2007.00000000,2041.00000000,1994.00000000,2026.00000000,2307.57730000
1707696000000,2027.00000000,2078.00000000,1978.00000000,2076.00000000,2836.95570000
1707782400000,2076.00000000,2132.00000000,2041.00000000,2056.00000000,5854.79770000
1707868800000,2056.00000000,2128.00000000,2032.00000000,2089.00000000,4028.67250000
1707955200000,2089.00000000,2119.00000000,2032.00000000,2097.00000000,4512.92630000
1708041600000,2097.00000000,2128.00000000,2021.00000000,2080.00000000,4882.49370000
1708128000000,2079.00000000,2146.00000000,2046.00000000,2129.00000000,5446.82960000
1708214400000,2128.00000000,2196.00000000,2099.00000000,2173.00000000,6011.08210000
1708300800000,2174.00000000,2226.00000000,1990.00000000,2156.00000000,6292.89450000
1708387200000,2157.00000000,2164.00000000,2055.00000000,2130.00000000,5885.58180000
1708473600000,2130.00000000,2137.00000000,1995.00000000,2050.00000000,5272.61990000
1708560000000,2050.00000000,2070.00000000,2013.00000000,2024.00000000,4198.79900000
1708646400000,2024.00000000,2037.00000000,1954.00000000,1986.00000000,6014.33080000
1708732800000,1987.00000000,2112.00000000,1972.00000000,2043.00000000,7607.31600000
1708819200000,2043.00000000,2071.00000000,2016.00000000,2050.00000000,4299.78230000
1708905600000,2050.00000000,2105.00000000,2036.00000000,2102.00000000,3849.05000000
1708992000000,2103.00000000,2193.00000000,2091.00000000,2158.00000000,8719.56670000
1709078400000,2158.00000000,2237.00000000,2036.00000000,2174.00000000,10418.09270000
1709164800000,2174.00000000,2265.00000000,2057.00000000,2092.00000000,7257.56830000
1709251200000,2092.00000000,2136.00000000,2082.00000000,2105.00000000,3441.91970000
1709337600000,2105.00000000,2145.00000000,2095.00000000,2140.00000000,4373.52790000
1709424000000,2140.00000000,2151.00000000,2008.00000000,2093.00000000,5309.94490000
1709510400000,2093.00000000,2132.00000000,2039.00000000,2093.00000000,6328.69480000
1709596800000,2094.00000000,2200.00000000,1772.00000000,1995.00000000,12946.25510000
1709683200000,1995.00000000,2129.00000000,1931.00000000,2083.00000000,7081.16320000
1709769600000,2083.00000000,2117.00000000,2035.00000000,2102.00000000,6220.92920000
1709856000000,2103.00000000,2127.00000000,1983.00000000,2090.00000000,6032.49490000
1709942400000,2090.00000000,2528.00000000,2089.00000000,2416.00000000,20058.68480000
1710028800000,2415.00000000,2838.00000000,2410.00000000,2817.00000000,22793.31710000
1710115200000,2817.00000000,2817.00000000,2564.00000000,2607.00000000,15475.24880000
1710201600000,2607.00000000,2950.00000000,2449.00000000,2632.00000000,22281.63120000
1710288000000,2632.00000000,2942.00000000,2627.00000000,2893.00000000,24675.52280000
1710374400000,2893.00000000,2976.00000000,2760.00000000,2899.00000000,18522.20430000
1710460800000,2898.00000000,2947.00000000,2587.00000000,2826.00000000,20682.08990000
1710547200000,2826.00000000,2962.00000000,2641.00000000,2850.00000000,16121.17600000
1710633600000,2850.00000000,3289.00000000,2843.00000000,3280.00000000,30463.02940000
1710720000000,3281.00000000,3329.00000000,3030.00000000,3045.00000000,16021.20800000
1710806400000,3045.00000000,3095.00000000,2697.00000000,2777.00000000,27057.90010000
1710892800000,2777.00000000,3085.00000000,2726.00000000,3043.00000000,14435.87410000
1710979200000,3043.00000000,3470.00000000,2963.00000000,3377.00000000,20943.01670000
1711065600000,3377.00000000,3414.00000000,3066.00000000,3130.00000000,11560.25690000
1711152000000,3131.00000000,3151.00000000,3043.00000000,3050.00000000,4586.93190000
1711238400000,3050.00000000,3172.00000000,3028.00000000,3153.00000000,4686.27720000
1711324800000,3153.00000000,3377.00000000,3120.00000000,3299.00000000,8411.65160000
1711411200000,3300.00000000,3350.00000000,3191.00000000,3213.00000000,6916.65040000
1711497600000,3213.00000000,3328.00000000,3121.00000000,3296.00000000,9482.54330000
1711584000000,3295.00000000,3681.00000000,3289.00000000,3634.00000000,13097.20540000
1711670400000,3634.00000000,3898.00000000,3453.00000000,3664.00000000,18950.45396000
1711756800000,3665.00000000,3802.00000000,3664.00000000,3747.00000000,6498.16310000
1711843200000,3747.00000000,4050.00000000,3701.00000000,3924.00000000,9267.33968000
1711929600000,3925.00000000,3972.00000000,3603.00000000,3742.00000000,9808.03940000
1712016000000,3742.00000000,3913.00000000,3561.00000000,3752.00000000,17890.94160000
1712102400000,3751.00000000,3876.00000000,3669.00000000,3793.00000000,8316.45050000
1712188800000,3792.00000000,4074.00000000,3733.00000000,3954.00000000,8712.08390000
1712275200000,3953.00000000,3984.00000000,3651.00000000,3687.00000000,7071.90210000
1712361600000,3687.00000000,3779.00000000,3660.00000000,3706.00000000,3665.42230000
1712448000000,3705.00000000,3742.00000000,3586.00000000,3632.00000000,4106.14850000
1712534400000,3631.00000000,3830.00000000,3513.00000000,3734.00000000,6965.30970000
1712620800000,3734.00000000,3749.00000000,3385.00000000,3393.00000000,6620.20250000
1712707200000,3393.00000000,3453.00000000,3250.00000000,3342.00000000,7469.24090000
1712793600000,3342.00000000,3429.00000000,3300.00000000,3357.00000000,5518.29110000
1712880000000,3357.00000000,3390.00000000,2503.00000000,2937.00000000,13947.84690000
1712966400000,2936.00000000,2974.00000000,2340.00000000,2795.00000000,18468.75740000
1713052800000,2794.00000000,3096.00000000,2714.00000000,3033.00000000,15329.25580000
1713139200000,3033.00000000,3234.00000000,2996.00000000,3072.00000000,12118.22780000
1713225600000,3072.00000000,3329.00000000,2994.00000000,3259.00000000,14796.88600000
1713312000000,3257.00000000,3302.00000000,3092.00000000,3146.00000000,11588.14760000
1713398400000,3144.00000000,3245.00000000,2994.00000000,3000.00000000,11030.30800000
1713484800000,3000.00000000,3049.00000000,2830.00000000,2950.00000000,11546.83380000
1713571200000,2953.00000000,3144.00000000,2938.00000000,3120.00000000,6306.69100000
1713657600000,3120.00000000,3162.00000000,2974.00000000,3003.00000000,6709.03950000
1713744000000,3003.00000000,3051.00000000,2870.00000000,2899.00000000,7973.26330000
1713830400000,2900.00000000,2930.00000000,2803.00000000,2926.00000000,7462.13630000
1713916800000,2927.00000000,3039.00000000,2831.00000000,2874.00000000,9185.35550000
1714003200000,2874.00000000,2911.00000000,2800.00000000,2856.00000000,5428.64110000
1714089600000,2856.00000000,2952.00000000,2798.00000000,2869.00000000,7674.39990000
1714176000000,2869.00000000,3017.00000000,2806.00000000,2993.00000000,6755.86280000
1714262400000,2995.00000000,3154.00000000,2982.00000000,3070.00000000,5846.82470000
1714348800000,3070.00000000,3103.00000000,2732.00000000,2842.00000000,11401.07170000
1714435200000,2843.00000000,2852.00000000,2587.00000000,2665.00000000,6654.18280000
1714521600000,2664.00000000,2737.00000000,2550.00000000,2725.00000000,5227.60500000
1714608000000,2726.00000000,2791.00000000,2654.00000000,2765.00000000,3405.13220000
1714694400000,2765.00000000,2997.00000000,2696.00000000,2957.00000000,9267.69400000
1714780800000,2957.00000000,2967.00000000,2864.00000000,2869.00000000,4713.73620000
1714867200000,2870.00000000,2960.00000000,2848.00000000,2910.00000000,2884.18630000
1714953600000,2909.00000000,2967.00000000,2778.00000000,2781.00000000,4313.01160000
1715040000000,2781.00000000,2859.00000000,2764.00000000,2801.00000000,1893.92580000
1715126400000,2801.00000000,2814.00000000,2678.00000000,2698.00000000,3203.09110000
1715212800000,2697.00000000,2763.00000000,2668.00000000,2749.00000000,2008.12060000
1715299200000,2749.00000000,2755.00000000,2632.00000000,2673.00000000,1743.40110000
1715385600000,2672.00000000,2736.00000000,2657.00000000,2700.00000000,965.51710000
1715472000000,2699.00000000,2734.00000000,2676.00000000,2692.00000000,1118.80770000
1715558400000,2692.00000000,2758.00000000,2634.00000000,2682.00000000,1910.57210000
1715644800000,2683.00000000,2717.00000000,2658.00000000,2680.00000000,1964.49030000
1715731200000,2680.00000000,2818.00000000,2667.00000000,2808.00000000,2133.27540000
1715817600000,2808.00000000,2819.00000000,2684.00000000,2693.00000000,2575.85730000
1715904000000,2692.00000000,2798.00000000,2662.00000000,2785.00000000,3010.48500000
1715990400000,2786.00000000,2869.00000000,2776.00000000,2823.00000000,2999.64210000
1716076800000,2827.00000000,2848.00000000,2745.00000000,2776.00000000,1911.89330000
1716163200000,2776.00000000,3177.00000000,2727.00000000,3166.00000000,6130.83790000
1716249600000,3167.00000000,3234.00000000,3050.00000000,3065.00000000,7534.21580000
1716336000000,3064.00000000,3066.00000000,2922.00000000,2942.00000000,4642.03090000
1716422400000,2941.00000000,2974.00000000,2671.00000000,2838.00000000,8910.88240000
1716508800000,2833.00000000,2865.00000000,2711.00000000,2751.00000000,2955.28610000
1716595200000,2751.00000000,2876.00000000,2740.00000000,2797.00000000,2974.61930000
1716681600000,2796.00000000,2866.00000000,2770.00000000,2832.00000000,2267.17640000
1716768000000,2831.00000000,2856.00000000,2742.00000000,2766.00000000,4727.58870000
1716854400000,2763.00000000,2769.00000000,2689.00000000,2718.00000000,3072.70110000
1716940800000,2718.00000000,2747.00000000,2670.00000000,2688.00000000,1678.87000000
1717027200000,2687.00000000,2711.00000000,2650.00000000,2703.00000000,2739.89200000
1717113600000,2704.00000000,2816.00000000,2696.00000000,2706.00000000,5681.45730000
1717200000000,2706.00000000,2728.00000000,2667.00000000,2680.00000000,2735.30600000
1717286400000,2679.00000000,2700.00000000,2614.00000000,2641.00000000,2039.82020000
1717372800000,2641.00000000,2660.00000000,2570.00000000,2576.00000000,3197.42900000
1717459200000,2576.00000000,2712.00000000,2550.00000000,2634.00000000,3450.79810000
1717545600000,2634.00000000,2692.00000000,2624.00000000,2681.00000000,2788.56730000
1717632000000,2681.00000000,2730.00000000,2588.00000000,2619.00000000,3411.81760000
1717718400000,2619.00000000,2697.00000000,2213.00000000,2502.00000000,7087.85040000
1717804800000,2502.00000000,2514.00000000,2413.00000000,2424.00000000,3112.57390000
1717891200000,2424.00000000,2493.00000000,2401.00000000,2489.00000000,1481.05300000
1717977600000,2489.00000000,2493.00000000,2376.00000000,2401.00000000,4744.50230000
1718064000000,2403.00000000,2404.00000000,2219.00000000,2261.00000000,7028.99030000
1718150400000,2261.00000000,2357.00000000,2239.00000000,2306.00000000,4571.00650000
1718236800000,2307.00000000,2311.00000000,2235.00000000,2247.00000000,3316.98020000
1718323200000,2248.00000000,2309.00000000,2190.00000000,2275.00000000,4901.36310000
1718409600000,2276.00000000,2322.00000000,2270.00000000,2311.00000000,1841.36200000
1718496000000,2311.00000000,2452.00000000,2289.00000000,2429.00000000,4207.73730000
1718582400000,2430.00000000,2434.00000000,2265.00000000,2294.00000000,5218.70440000
1718668800000,2294.00000000,2300.00000000,2068.00000000,2228.00000000,9102.22750000
1718755200000,2228.00000000,2518.00000000,2210.00000000,2487.00000000,13183.00090000
1718841600000,2486.00000000,2503.00000000,2349.00000000,2480.00000000,7582.81980000
1718928000000,2480.00000000,2528.00000000,2394.00000000,2484.00000000,6072.65730000
1719014400000,2484.00000000,2492.00000000,2249.00000000,2354.00000000,5268.31280000
1719100800000,2354.00000000,2451.00000000,2246.00000000,2257.00000000,7966.87670000
1719187200000,2257.00000000,2269.00000000,2070.00000000,2193.00000000,8073.05350000
1719273600000,2194.00000000,2428.00000000,2158.00000000,2363.00000000,9575.69240000
1719360000000,2362.00000000,2502.00000000,2327.00000000,2452.00000000,7907.76590000
1719446400000,2451.00000000,2674.00000000,2444.00000000,2599.00000000,12974.98710000
1719532800000,2599.00000000,2656.00000000,2509.00000000,2520.00000000,7515.30950000
1719619200000,2520.00000000,2570.00000000,2417.00000000,2440.00000000,4915.72900000
1719705600000,2440.00000000,2549.00000000,2429.00000000,2538.00000000,3941.01980000
1719792000000,2537.00000000,2650.00000000,2535.00000000,2567.00000000,6117.87470000
1719878400000,2568.00000000,2595.00000000,2529.00000000,2564.00000000,2775.43870000
1719964800000,2565.00000000,2567.00000000,2301.00000000,2316.00000000,7850.68310000
1720051200000,2317.00000000,2330.00000000,2202.00000000,2230.00000000,6208.30850000
1720137600000,2230.00000000,2242.00000000,1987.00000000,2232.00000000,17641.44750000
1720224000000,2230.00000000,2355.00000000,2207.00000000,2350.00000000,4820.46220000
1720310400000,2349.00000000,2355.00000000,2112.00000000,2119.00000000,5845.45760000
1720396800000,2120.00000000,2222.00000000,2034.00000000,2202.00000000,10259.41030000
1720483200000,2202.00000000,2308.00000000,2196.00000000,2299.00000000,5667.78920000
1720569600000,2297.00000000,2325.00000000,2257.00000000,2295.00000000,5054.19870000
1720656000000,2296.00000000,2390.00000000,2244.00000000,2382.00000000,7807.11010000
1720742400000,2382.00000000,2551.00000000,2359.00000000,2519.00000000,13966.62050000
1720828800000,2518.00000000,2736.00000000,2516.00000000,2712.00000000,10757.18000000
1720915200000,2711.00000000,2870.00000000,2670.00000000,2783.00000000,9141.40270000
1721001600000,2783.00000000,2964.00000000,2741.00000000,2926.00000000,19538.21030000
1721088000000,2925.00000000,3046.00000000,2859.00000000,3039.00000000,18445.76330000
1721174400000,3040.00000000,3120.00000000,2817.00000000,2857.00000000,14501.56480000
1721260800000,2857.00000000,2944.00000000,2750.00000000,2816.00000000,8770.95330000
1721347200000,2816.00000000,2860.00000000,2715.00000000,2841.00000000,9169.77070000
1721433600000,2840.00000000,2842.00000000,2759.00000000,2815.00000000,6053.20890000
1721520000000,2815.00000000,2930.00000000,2715.00000000,2896.00000000,6485.42030000
1721606400000,2896.00000000,2960.00000000,2683.00000000,2689.00000000,10780.92040000
1721692800000,2688.00000000,2856.00000000,2656.00000000,2816.00000000,12588.40560000
1721779200000,2817.00000000,2832.00000000,2653.00000000,2707.00000000,9039.75730000
1721865600000,2707.00000000,2735.00000000,2578.00000000,2642.00000000,9725.31780000
1721952000000,2643.00000000,2785.00000000,2635.00000000,2649.00000000,7443.65730000
1722038400000,2649.00000000,2684.00000000,2557.00000000,2643.00000000,5719.06070000
1722124800000,2642.00000000,2686.00000000,2579.00000000,2636.00000000,2864.27760000
1722211200000,2637.00000000,2843.00000000,2629.00000000,2823.00000000,9232.19660000
1722297600000,2824.00000000,2861.00000000,2737.00000000,2776.00000000,8331.07400000
1722384000000,2776.00000000,2907.00000000,2755.00000000,2801.00000000,5210.38990000
1722470400000,2801.00000000,2815.00000000,2641.00000000,2739.00000000,9641.18380000
1722556800000,2740.00000000,2743.00000000,2425.00000000,2430.00000000,12878.96340000
1722643200000,2430.00000000,2439.00000000,2304.00000000,2314.00000000,7201.40750000
1722729600000,2314.00000000,2315.00000000,2104.00000000,2169.00000000,6386.32130000
1722816000000,2169.00000000,2181.00000000,1724.00000000,1902.00000000,30505.63010000
1722902400000,1902.00000000,2030.00000000,1851.00000000,1863.00000000,15566.76010000
1722988800000,1864.00000000,1927.00000000,1753.00000000,1795.00000000,12787.66260000
1723075200000,1796.00000000,2068.00000000,1776.00000000,2054.00000000,13792.63160000
1723161600000,2053.00000000,2086.00000000,1977.00000000,2008.00000000,8364.84800000
1723248000000,2007.00000000,2029.00000000,1949.00000000,1975.00000000,4185.47720000
1723334400000,1974.00000000,2029.00000000,1877.00000000,1886.00000000,4003.89150000
1723420800000,1885.00000000,2033.00000000,1867.00000000,2013.00000000,6764.39960000
1723507200000,2011.00000000,2161.00000000,1971.00000000,2139.00000000,12551.14580000
1723593600000,2139.00000000,2161.00000000,2023.00000000,2057.00000000,7771.35180000
1723680000000,2058.00000000,2066.00000000,1939.00000000,1959.00000000,4708.21730000
1723766400000,1959.00000000,1996.00000000,1935.00000000,1974.00000000,4565.62410000
1723852800000,1973.00000000,1980.00000000,1936.00000000,1956.00000000,2729.50640000
1723939200000,1956.00000000,1988.00000000,1933.00000000,1935.00000000,2335.22600000
1724025600000,1935.00000000,1961.00000000,1892.00000000,1959.00000000,3073.67130000
1724112000000,1959.00000000,1986.00000000,1910.00000000,1940.00000000,3019.17730000
1724198400000,1941.00000000,2061.00000000,1915.00000000,2034.00000000,8008.15720000
1724284800000,2034.00000000,2056.00000000,1988.00000000,2024.00000000,3264.26850000
1724371200000,2025.00000000,2195.00000000,2021.00000000,2173.00000000,9753.09170000
1724457600000,2173.00000000,2203.00000000,2103.00000000,2136.00000000,8101.64870000
1724544000000,2136.00000000,2159.00000000,2078.00000000,2131.00000000,3846.33020000
1724630400000,2130.00000000,2149.00000000,2071.00000000,2081.00000000,3715.13820000
1724716800000,2080.00000000,2175.00000000,1926.00000000,1965.00000000,18401.92020000
1724803200000,1965.00000000,1965.00000000,1786.00000000,1814.00000000,17331.18610000
1724889600000,1815.00000000,1834.00000000,1761.00000000,1778.00000000,5725.29890000
1724976000000,1778.00000000,1797.00000000,1707.00000000,1766.00000000,5284.50030000
1725062400000,1766.00000000,1774.00000000,1744.00000000,1758.00000000,1815.88530000
1725148800000,1758.00000000,1764.00000000,1666.00000000,1688.00000000,4968.55600000
1725235200000,1687.00000000,1778.00000000,1684.00000000,1758.00000000,5792.88480000
1725321600000,1757.00000000,1776.00000000,1668.00000000,1681.00000000,6476.55580000
1725408000000,1681.00000000,1707.00000000,1607.00000000,1673.00000000,6042.26330000
1725494400000,1672.00000000,1688.00000000,1615.00000000,1627.00000000,2938.44630000
1725580800000,1626.00000000,1652.00000000,1486.00000000,1532.00000000,6667.54670000
1725667200000,1531.00000000,1564.00000000,1522.00000000,1542.00000000,2203.98040000
1725753600000,1542.00000000,1574.00000000,1500.00000000,1541.00000000,5227.85840000
1725840000000,1541.00000000,1700.00000000,1528.00000000,1611.00000000,14720.89180000
1725926400000,1611.00000000,1617.00000000,1570.00000000,1608.00000000,5833.22060000
1726012800000,1608.00000000,1609.00000000,1526.00000000,1595.00000000,8314.97470000
1726099200000,1594.00000000,1633.00000000,1590.00000000,1622.00000000,5066.73630000
1726185600000,1621.00000000,1638.00000000,1589.00000000,1634.00000000,4087.18820000
1726272000000,1633.00000000,1666.00000000,1576.00000000,1604.00000000,6240.07730000
1726358400000,1603.00000000,1621.00000000,1520.00000000,1540.00000000,4246.26320000
1726444800000,1540.00000000,1542.00000000,1497.00000000,1523.00000000,4293.74590000
1726531200000,1523.00000000,1568.00000000,1477.00000000,1498.00000000,4931.15320000
1726617600000,1497.00000000,1515.00000000,1432.00000000,1515.00000000,6185.02980000
1726704000000,1515.00000000,1582.00000000,1510.00000000,1523.00000000,6409.47220000
1726790400000,1524.00000000,1590.00000000,1501.00000000,1520.00000000,13698.32350000
1726876800000,1520.00000000,1592.00000000,1481.00000000,1582.00000000,6238.67110000
1726963200000,1582.00000000,1632.00000000,1536.00000000,1583.00000000,11883.90540000
1727049600000,1583.00000000,1657.00000000,1550.00000000,1633.00000000,11989.80980000
1727136000000,1633.00000000,1641.00000000,1558.00000000,1594.00000000,8253.26480000
1727222400000,1593.00000000,1612.00000000,1541.00000000,1551.00000000,7718.04830000
1727308800000,1550.00000000,1615.00000000,1524.00000000,1606.00000000,8450.87060000
1727395200000,1606.00000000,1722.00000000,1600.00000000,1705.00000000,18481.48170000
1727481600000,1704.00000000,1721.00000000,1663.00000000,1687.00000000,9489.10190000
1727568000000,1687.00000000,1693.00000000,1640.00000000,1656.00000000,6935.17220000
1727654400000,1656.00000000,1656.00000000,1552.00000000,1570.00000000,11208.77610000
1727740800000,1569.00000000,1613.00000000,1447.00000000,1486.00000000,14520.45460000
1727827200000,1485.00000000,1527.00000000,1433.00000000,1451.00000000,8767.39700000
1727913600000,1451.00000000,1479.00000000,1404.00000000,1434.00000000,7695.72860000
1728000000000,1435.00000000,1468.00000000,1425.00000000,1459.00000000,4583.85070000
1728086400000,1460.00000000,1465.00000000,1436.00000000,1455.00000000,2688.73550000
1728172800000,1456.00000000,1477.00000000,1448.00000000,1455.00000000,2702.45450000
1728259200000,1456.00000000,1501.00000000,1387.00000000,1403.00000000,17207.93070000
1728345600000,1404.00000000,1432.00000000,1397.00000000,1411.00000000,10062.32290000
1728432000000,1411.00000000,1423.00000000,1337.00000000,1351.00000000,6592.39280000
1728518400000,1351.00000000,1377.00000000,1321.00000000,1354.00000000,7648.90930000
1728604800000,1355.00000000,1384.00000000,1352.00000000,1366.00000000,4400.72500000
1728691200000,1366.00000000,1383.00000000,1351.00000000,1356.00000000,5397.85750000
1728777600000,1356.00000000,1363.00000000,1309.00000000,1329.00000000,4367.65090000
1728864000000,1330.00000000,1400.00000000,1320.00000000,1399.00000000,9027.42020000
1728950400000,1400.00000000,1441.00000000,1291.00000000,1325.00000000,19591.26910000
1729036800000,1326.00000000,1332.00000000,1274.00000000,1278.00000000,13148.40520000
1729123200000,1278.00000000,1298.00000000,1189.00000000,1202.00000000,13097.05220000
1729209600000,1201.00000000,1219.00000000,1190.00000000,1205.00000000,7733.06870000
1729296000000,1205.00000000,1234.00000000,1199.00000000,1214.00000000,5985.09180000
1729382400000,1215.00000000,1243.00000000,1197.00000000,1231.00000000,8193.89330000
1729468800000,1231.00000000,1242.00000000,1176.00000000,1183.00000000,9214.12320000
1729555200000,1183.00000000,1226.00000000,1155.00000000,1216.00000000,17878.22040000
1729641600000,1216.00000000,1221.00000000,1129.00000000,1161.00000000,15093.59880000
1729728000000,1161.00000000,1177.00000000,1131.00000000,1136.00000000,5757.26050000
1729814400000,1136.00000000,1138.00000000,1006.00000000,1063.00000000,16316.82750000
1729900800000,1063.00000000,1137.00000000,1057.00000000,1102.00000000,9028.51220000
1729987200000,1103.00000000,1116.00000000,1093.00000000,1105.00000000,3405.28750000
1730073600000,1105.00000000,1127.00000000,1091.00000000,1117.00000000,7937.60230000
1730160000000,1117.00000000,1160.00000000,1110.00000000,1157.00000000,8357.71740000
1730246400000,1158.00000000,1271.00000000,1142.00000000,1247.00000000,24596.26550000
1730332800000,1247.00000000,1335.00000000,1238.00000000,1273.00000000,24210.41330000
1730419200000,1271.00000000,1320.00000000,1250.00000000,1266.00000000,15351.97900000
1730505600000,1266.00000000,1268.00000000,1197.00000000,1212.00000000,8652.78390000
1730592000000,1212.00000000,1215.00000000,1147.00000000,1176.00000000,9147.39480000
1730678400000,1176.00000000,1190.00000000,1132.00000000,1146.00000000,7049.86240000
1730764800000,1146.00000000,1162.00000000,1106.00000000,1120.00000000,9524.15890000
1730851200000,1120.00000000,1420.00000000,1118.00000000,1385.00000000,37572.09700000
1730937600000,1385.00000000,1659.00000000,1362.00000000,1508.00000000,35725.27630000
1731024000000,1508.00000000,1529.00000000,1457.00000000,1483.00000000,16251.17140000
1731110400000,1483.00000000,1526.00000000,1440.00000000,1493.00000000,10338.51230000
1731196800000,1492.00000000,1556.00000000,1416.00000000,1468.00000000,24646.39280000
1731283200000,1468.00000000,1563.00000000,1436.00000000,1537.00000000,22859.51140000
1731369600000,1538.00000000,1569.00000000,1436.00000000,1518.00000000,38066.52250000
1731456000000,1518.00000000,1606.00000000,1439.00000000,1487.00000000,29022.99570000
1731542400000,1486.00000000,1523.00000000,1403.00000000,1419.00000000,20204.93820000
1731628800000,1419.00000000,1469.00000000,1407.00000000,1434.00000000,8665.93350000
1731715200000,1432.00000000,1559.00000000,1423.00000000,1503.00000000,13286.25070000
1731801600000,1504.00000000,1537.00000000,1457.00000000,1478.00000000,10476.88160000
1731888000000,1478.00000000,1562.00000000,1462.00000000,1555.00000000,10987.68390000
1731974400000,1555.00000000,1574.00000000,1465.00000000,1493.00000000,12728.83750000
1732060800000,1494.00000000,1565.00000000,1477.00000000,1491.00000000,15607.07550000
1732147200000,1490.00000000,1680.00000000,1466.00000000,1638.00000000,19525.20810000
1732233600000,1637.00000000,1725.00000000,1595.00000000,1634.00000000,14532.96330000
1732320000000,1635.00000000,1777.00000000,1589.00000000,1659.00000000,25868.29150000
1732406400000,1659.00000000,1791.00000000,1644.00000000,1733.00000000,20451.59340000
1732492800000,1733.00000000,2075.00000000,1691.00000000,1824.00000000,32765.69100000
1732579200000,1824.00000000,1855.00000000,1678.00000000,1739.00000000,12746.38750000
1732665600000,1739.00000000,1880.00000000,1717.00000000,1868.00000000,13952.64710000
1732752000000,1868.00000000,1890.00000000,1780.00000000,1821.00000000,8204.15140000
1732838400000,1821.00000000,1840.00000000,1784.00000000,1808.00000000,6882.48590000
1732924800000,1808.00000000,1945.00000000,1778.00000000,1859.00000000,12267.64870000
1733011200000,1859.00000000,1882.00000000,1804.00000000,1837.00000000,5933.68760000
1733097600000,1837.00000000,1991.00000000,1769.00000000,1977.00000000,25467.17440000
1733184000000,1978.00000000,2325.00000000,1969.00000000,2298.00000000,51621.89680000
1733270400000,2299.00000000,2426.00000000,2231.00000000,2272.00000000,27614.03930000
1733356800000,2273.00000000,2285.00000000,2048.00000000,2099.00000000,17868.49510000
1733443200000,2098.00000000,2317.00000000,2090.00000000,2209.00000000,13666.59770000
1733529600000,2210.00000000,2239.00000000,2152.00000000,2166.00000000,5606.13920000
1733616000000,2166.00000000,2217.00000000,2103.00000000,2195.00000000,6908.81580000
1733702400000,2196.00000000,2240.00000000,1632.00000000,1889.00000000,25395.94740000
1733788800000,1886.00000000,1978.00000000,1704.00000000,1769.00000000,19773.70340000
1733875200000,1768.00000000,1907.00000000,1706.00000000,1879.00000000,12717.78820000
1733961600000,1879.00000000,2155.00000000,1870.00000000,2035.00000000,21887.98230000
1734048000000,2035.00000000,2127.00000000,1984.00000000,2112.00000000,13613.68930000
1734134400000,2112.00000000,2143.00000000,1895.00000000,1930.00000000,10514.36020000
1734220800000,1930.00000000,2073.00000000,1894.00000000,2052.00000000,10461.80470000
1734307200000,2050.00000000,2082.00000000,1877.00000000,1897.00000000,14815.98310000
1734393600000,1897.00000000,1898.00000000,1748.00000000,1773.00000000,11491.04330000
1734480000000,1774.00000000,1786.00000000,1661.00000000,1671.00000000,23537.36410000
1734566400000,1671.00000000,1763.00000000,1590.00000000,1637.00000000,29409.82400000
1734652800000,1638.00000000,1729.00000000,1491.00000000,1697.00000000,20334.25760000
1734739200000,1697.00000000,1742.00000000,1604.00000000,1622.00000000,8175.01580000
1734825600000,1624.00000000,1650.00000000,1554.00000000,1584.00000000,6965.26730000
1734912000000,1584.00000000,1650.00000000,1509.00000000,1626.00000000,10736.36270000
1734998400000,1626.00000000,1679.00000000,1577.00000000,1642.00000000,10288.34520000
1735084800000,1642.00000000,1671.00000000,1592.00000000,1604.00000000,3808.55350000
1735171200000,1603.00000000,1610.00000000,1515.00000000,1531.00000000,7732.28140000
1735257600000,1532.00000000,1609.00000000,1520.00000000,1576.00000000,7913.90180000
1735344000000,1576.00000000,1579.00000000,1522.00000000,1550.00000000,3335.75030000
1735430400000,1551.00000000,1553.00000000,1490.00000000,1507.00000000,3207.73350000
1735516800000,1507.00000000,1549.00000000,1466.00000000,1500.00000000,5540.96240000
1735603200000,1500.00000000,1537.00000000,1469.00000000,1492.00000000,7390.85330000
1735689600000,1492.00000000,1518.00000000,1480.00000000,1511.00000000,3351.62330000
1735776000000,1512.00000000,1575.00000000,1509.00000000,1549.00000000,8842.29090000
1735862400000,1549.00000000,1620.00000000,1531.00000000,1601.00000000,9070.63610000
1735948800000,1602.00000000,1636.00000000,1565.00000000,1590.00000000,4559.08620000
1736035200000,1591.00000000,1598.00000000,1551.00000000,1564.00000000,2126.50440000
